Time (s),TX Value,Duty Cycle,Reconstructed Value,Poll Samples
0.000000,0.000000,0.464844,-0.070313,35214
0.001000,0.309017,0.000000,-1.000000,0
0.002000,0.587785,0.787430,0.574860,4121
0.003000,0.809017,0.884204,0.768408,6641
0.004000,0.951057,0.968526,0.937053,6990
0.005000,1.000000,0.993103,0.986207,3045
0.006000,0.951057,0.971756,0.943512,6196
0.007000,0.809017,0.902945,0.805891,6213
0.008000,0.587785,0.787219,0.574438,7120
0.009000,0.309017,0.625626,0.251252,5393
0.010000,-0.000000,0.489577,-0.020846,6428
0.011000,-0.309017,0.382083,-0.235835,1306
0.012000,-0.587785,0.000000,-1.000000,0
0.013000,-0.809017,0.101955,-0.796090,2609
0.014000,-0.951057,0.019771,-0.960458,8295
0.015000,-1.000000,0.000390,-0.999219,10246
0.016000,-0.951057,0.022025,-0.955950,6311
0.017000,-0.809017,0.087882,-0.824237,4324
0.018000,-0.587785,0.182641,-0.634719,4090
0.019000,-0.309017,0.310854,-0.378291,3722
0.020000,0.000000,0.475244,-0.049513,5029
0.021000,0.309017,0.624736,0.249472,5684
0.022000,0.587785,0.772106,0.544211,4094
0.023000,0.809017,0.875158,0.750315,1586
0.024000,0.951057,0.965668,0.931336,5709
0.025000,1.000000,0.998292,0.996584,9952
0.026000,0.951057,0.977568,0.955137,3076
0.027000,0.809017,0.902359,0.804717,3943
0.028000,0.587785,0.776250,0.552501,3419
0.029000,0.309017,0.637755,0.275510,7644
0.030000,-0.000000,0.507388,0.014776,3790
0.031000,-0.309017,0.316026,-0.367948,14252
0.032000,-0.587785,0.172667,-0.654666,4083
0.033000,-0.809017,0.092019,-0.815962,3195
0.034000,-0.951057,0.024887,-0.950226,6630
0.035000,-1.000000,0.000952,-0.998096,8403
0.036000,-0.951057,0.021521,-0.956957,6691
0.037000,-0.809017,0.079650,-0.840701,9705
0.038000,-0.587785,0.182104,-0.635792,6046
0.039000,-0.309017,0.318730,-0.362540,4976
0.040000,0.000000,0.447914,-0.104172,3811
0.041000,0.309017,0.594888,0.189776,5438
0.042000,0.587785,0.772173,0.544346,9020
0.043000,0.809017,0.891285,0.782570,11314
0.044000,0.951057,0.967175,0.934351,9962
0.045000,1.000000,0.997580,0.995161,9092
0.046000,0.951057,0.973774,0.947547,7359
0.047000,0.809017,0.895602,0.791203,9617
0.048000,0.587785,0.771281,0.542562,9868
0.049000,0.309017,0.630983,0.261966,10425
0.050000,-0.000000,0.471867,-0.056266,10628
0.051000,-0.309017,0.307521,-0.384958,9879
0.052000,-0.587785,0.199578,-0.600844,10422
0.053000,-0.809017,0.084792,-0.830417,10744
0.054000,-0.951057,0.025535,-0.948930,10887
0.055000,-1.000000,0.000000,-1.000000,16307
0.056000,-0.951057,0.021484,-0.957032,9542
0.057000,-0.809017,0.088102,-0.823796,8161
0.058000,-0.587785,0.181339,-0.637322,6452
0.059000,-0.309017,0.305831,-0.388338,18762
0.060000,0.000000,0.472525,-0.054949,5496
0.061000,0.309017,0.629884,0.259768,8292
0.062000,0.587785,0.767576,0.535153,9857
0.063000,0.809017,0.881177,0.762354,9754
0.064000,0.951057,0.967329,0.934658,8907
0.065000,1.000000,0.998768,0.997536,8927
0.066000,0.951057,0.973632,0.947264,10050
0.067000,0.809017,0.896541,0.793083,10004
0.068000,0.587785,0.776396,0.552793,10295
0.069000,0.309017,0.626414,0.252828,10343
0.070000,-0.000000,0.473272,-0.053455,12777
0.071000,-0.309017,0.325257,-0.349485,9906
0.072000,-0.587785,0.199265,-0.601471,8431
0.073000,-0.809017,0.094286,-0.811427,5303
0.074000,-0.951057,0.025272,-0.949455,8626
0.075000,-1.000000,0.000000,-1.000000,11563
0.076000,-0.951057,0.020817,-0.958366,11433
0.077000,-0.809017,0.078214,-0.843572,11085
0.078000,-0.587785,0.178720,-0.642561,11090
0.079000,-0.309017,0.309540,-0.380920,10157
0.080000,0.000000,0.466246,-0.067508,10458
0.081000,0.309017,0.604986,0.209972,9868
0.082000,0.587785,0.765844,0.531687,7858
0.083000,0.809017,0.880435,0.760870,8740
0.084000,0.951057,0.972372,0.944743,8361
0.085000,1.000000,0.998058,0.996116,13903
0.086000,0.951057,0.973508,0.947016,9701
0.087000,0.809017,0.890261,0.780521,5832
0.088000,0.587785,0.774994,0.549989,4351
0.089000,0.309017,0.642963,0.285926,5386
0.090000,-0.000000,0.470606,-0.058789,10155
0.091000,-0.309017,0.306170,-0.387661,9093
0.092000,-0.587785,0.192335,-0.615330,11246
0.093000,-0.809017,0.084666,-0.830667,11315
0.094000,-0.951057,0.019606,-0.960788,10609
0.095000,-1.000000,0.001049,-0.997903,10489
0.096000,-0.951057,0.019275,-0.961451,18833
0.097000,-0.809017,0.081460,-0.837079,11969
0.098000,-0.587785,0.182989,-0.634023,9864
0.099000,-0.309017,0.293673,-0.412655,8724
0.100000,0.000000,0.459435,-0.081129,20264
0.101000,0.309017,0.618227,0.236453,8932
0.102000,0.587785,0.763083,0.526166,7395
0.103000,0.809017,0.881107,0.762213,5711
0.104000,0.951057,0.964573,0.929146,6464
0.105000,1.000000,0.998281,0.996562,7563
0.106000,0.951057,0.972283,0.944565,10571
0.107000,0.809017,0.888957,0.777914,6538
0.108000,0.587785,0.792061,0.584123,9498
0.109000,0.309017,0.634709,0.269418,10879
0.110000,-0.000000,0.470811,-0.058379,10586
0.111000,-0.309017,0.320109,-0.359782,17972
0.112000,-0.587785,0.185499,-0.629003,10868
0.113000,-0.809017,0.090805,-0.818389,10528
0.114000,-0.951057,0.026663,-0.946674,7726
0.115000,-1.000000,0.000000,-1.000000,10965
0.116000,-0.951057,0.020880,-0.958240,11638
0.117000,-0.809017,0.081031,-0.837938,11292
0.118000,-0.587785,0.180084,-0.639833,11478
0.119000,-0.309017,0.319279,-0.361442,11266
0.120000,0.000000,0.445338,-0.109324,10199
0.121000,0.309017,0.617919,0.235839,10257
0.122000,0.587785,0.765750,0.531500,10143
0.123000,0.809017,0.884527,0.769054,9985
0.124000,0.951057,0.964976,0.929953,10136
0.125000,1.000000,0.997356,0.994712,10212
0.126000,0.951057,0.976685,0.953371,8707
0.127000,0.809017,0.906387,0.812773,9379
0.128000,0.587785,0.775240,0.550479,9806
0.129000,0.309017,0.644207,0.288414,6827
0.130000,-0.000000,0.473457,-0.053086,10417
0.131000,-0.309017,0.334947,-0.330106,7849
0.132000,-0.587785,0.186090,-0.627820,11704
0.133000,-0.809017,0.082180,-0.835640,11779
0.134000,-0.951057,0.023996,-0.952008,11752
0.135000,-1.000000,0.000000,-1.000000,11979
0.136000,-0.951057,0.020877,-0.958246,11927
0.137000,-0.809017,0.080951,-0.838098,11649
0.138000,-0.587785,0.179485,-0.641030,11221
0.139000,-0.309017,0.310763,-0.378475,11475
0.140000,0.000000,0.467730,-0.064540,8026
0.141000,0.309017,0.606779,0.213559,9529
0.142000,0.587785,0.772289,0.544578,10263
0.143000,0.809017,0.880638,0.761277,5764
0.144000,0.951057,0.968618,0.937235,10388
0.145000,1.000000,0.998646,0.997292,9601
0.146000,0.951057,0.975947,0.951894,5862
0.147000,0.809017,0.897543,0.795085,10092
0.148000,0.587785,0.777214,0.554428,10445
0.149000,0.309017,0.632192,0.264383,10568
0.150000,-0.000000,0.473583,-0.052833,8877
0.151000,-0.309017,0.316775,-0.366450,9401
0.152000,-0.587785,0.191316,-0.617368,9696
0.153000,-0.809017,0.088522,-0.822957,15612
0.154000,-0.951057,0.022429,-0.955143,11191
0.155000,-1.000000,0.000000,-1.000000,11368
0.156000,-0.951057,0.020253,-0.959493,14763
0.157000,-0.809017,0.079574,-0.840851,11750
0.158000,-0.587785,0.184618,-0.630764,18866
0.159000,-0.309017,0.317322,-0.365355,10472
0.160000,0.000000,0.448721,-0.102559,10004
0.161000,0.309017,0.625588,0.251177,9348
0.162000,0.587785,0.764456,0.528913,11085
0.163000,0.809017,0.869759,0.739518,7632
0.164000,0.951057,0.965680,0.931361,9936
0.165000,1.000000,0.997409,0.994818,10421
0.166000,0.951057,0.974213,0.948426,10199
0.167000,0.809017,0.900717,0.801434,10042
0.168000,0.587785,0.785531,0.571061,10505
0.169000,0.309017,0.632387,0.264775,11066
0.170000,-0.000000,0.476297,-0.047407,11222
0.171000,-0.309017,0.314985,-0.370031,11118
0.172000,-0.587785,0.183959,-0.632081,11209
0.173000,-0.809017,0.084696,-0.830607,23295
0.174000,-0.951057,0.024885,-0.950231,9966
0.175000,-1.000000,0.000000,-1.000000,11753
0.176000,-0.951057,0.021640,-0.956721,11784
0.177000,-0.809017,0.083588,-0.832824,12119
0.178000,-0.587785,0.178217,-0.643566,11284
0.179000,-0.309017,0.315515,-0.368971,10719
0.180000,0.000000,0.463891,-0.072218,11313
0.181000,0.309017,0.616236,0.232472,9399
0.182000,0.587785,0.761681,0.523362,10851
0.183000,0.809017,0.890217,0.780435,10621
0.184000,0.951057,0.964432,0.928864,10515
0.185000,1.000000,0.998743,0.997485,10339
0.186000,0.951057,0.973939,0.947878,10437
0.187000,0.809017,0.898614,0.797229,10682
0.188000,0.587785,0.777384,0.554768,10718
0.189000,0.309017,0.631350,0.262701,11279
0.190000,-0.000000,0.474846,-0.050309,10694
0.191000,-0.309017,0.321201,-0.357599,8929
0.192000,-0.587785,0.197468,-0.605064,11217
0.193000,-0.809017,0.086767,-0.826466,9174
0.194000,-0.951057,0.024449,-0.951103,12107
0.195000,-1.000000,0.000000,-1.000000,12185
0.196000,-0.951057,0.020819,-0.958361,12008
0.197000,-0.809017,0.085724,-0.828552,11887
0.198000,-0.587785,0.183075,-0.633850,12443
0.199000,-0.309017,0.304652,-0.390696,11436
0.200000,0.000000,0.468493,-0.063013,11204
0.201000,0.309017,0.612526,0.225053,10873
0.202000,0.587785,0.764624,0.529247,10719
0.203000,0.809017,0.886979,0.773958,10122
0.204000,0.951057,0.968278,0.936556,10466
0.205000,1.000000,0.998718,0.997435,10137
0.206000,0.951057,0.975802,0.951603,9794
0.207000,0.809017,0.897639,0.795279,9828
0.208000,0.587785,0.784597,0.569195,9336
0.209000,0.309017,0.634648,0.269296,10598
0.210000,-0.000000,0.474193,-0.051614,10753
0.211000,-0.309017,0.316964,-0.366071,10752
0.212000,-0.587785,0.189094,-0.621813,14982
0.213000,-0.809017,0.091110,-0.817780,13577
0.214000,-0.951057,0.023562,-0.952876,10780
0.215000,-1.000000,0.000883,-0.998234,10195
0.216000,-0.951057,0.021219,-0.957562,11782
0.217000,-0.809017,0.083784,-0.832431,9238
0.218000,-0.587785,0.185640,-0.628721,10515
0.219000,-0.309017,0.311161,-0.377678,9802
0.220000,0.000000,0.454988,-0.090024,10475
0.221000,0.309017,0.622101,0.244201,10045
0.222000,0.587785,0.754764,0.509528,10443
0.223000,0.809017,0.888823,0.777646,16811
0.224000,0.951057,0.964484,0.928968,9179
0.225000,1.000000,0.998459,0.996918,12330
0.226000,0.951057,0.972979,0.945957,9437
0.227000,0.809017,0.894677,0.789354,9694
0.228000,0.587785,0.775374,0.550749,9616
0.229000,0.309017,0.638197,0.276395,10362
0.230000,-0.000000,0.471675,-0.056649,10009
0.231000,-0.309017,0.318616,-0.362769,9535
0.232000,-0.587785,0.192165,-0.615671,11563
0.233000,-0.809017,0.086280,-0.827441,10663
0.234000,-0.951057,0.023570,-0.952861,9631
0.235000,-1.000000,0.000000,-1.000000,12055
0.236000,-0.951057,0.020184,-0.959632,11643
0.237000,-0.809017,0.081845,-0.836309,11986
0.238000,-0.587785,0.181008,-0.637983,11226
0.239000,-0.309017,0.316140,-0.367720,9616
0.240000,0.000000,0.473322,-0.053357,14375
0.241000,0.309017,0.615061,0.230122,10225
0.242000,0.587785,0.771229,0.542458,10010
0.243000,0.809017,0.883950,0.767901,9022
0.244000,0.951057,0.967449,0.934897,8141
0.245000,1.000000,0.997378,0.994756,9154
0.246000,0.951057,0.974526,0.949052,10442
0.247000,0.809017,0.898616,0.797232,10406
0.248000,0.587785,0.781608,0.563216,10646
0.249000,0.309017,0.635636,0.271272,10871
0.250000,-0.000000,0.470997,-0.058006,11223
0.251000,-0.309017,0.318123,-0.363755,11527
0.252000,-0.587785,0.193504,-0.612991,11700
0.253000,-0.809017,0.085351,-0.829297,11892
0.254000,-0.951057,0.021015,-0.957971,11944
0.255000,-1.000000,0.000997,-0.998005,12032
0.256000,-0.951057,0.021596,-0.956808,11993
0.257000,-0.809017,0.081372,-0.837256,11896
0.258000,-0.587785,0.183259,-0.633482,11230
0.259000,-0.309017,0.311660,-0.376679,12135
0.260000,0.000000,0.458493,-0.083014,10685
0.261000,0.309017,0.620351,0.240702,9572
0.262000,0.587785,0.763293,0.526585,10946
0.263000,0.809017,0.884760,0.769520,10630
0.264000,0.951057,0.969216,0.938432,10395
0.265000,1.000000,0.998759,0.997517,10473
0.266000,0.951057,0.974283,0.948567,10499
0.267000,0.809017,0.897453,0.794906,10600
0.268000,0.587785,0.775993,0.551985,10705
0.269000,0.309017,0.631867,0.263733,10977
0.270000,-0.000000,0.480311,-0.039379,11199
0.271000,-0.309017,0.312298,-0.375403,11473
0.272000,-0.587785,0.189721,-0.620559,11596
0.273000,-0.809017,0.089790,-0.820420,11616
0.274000,-0.951057,0.024415,-0.951171,12042
0.275000,-1.000000,0.000000,-1.000000,11904
0.276000,-0.951057,0.022015,-0.955971,11674
0.277000,-0.809017,0.083163,-0.833673,11760
0.278000,-0.587785,0.179249,-0.641503,11604
0.279000,-0.309017,0.315631,-0.368739,11260
0.280000,0.000000,0.461942,-0.076115,11233
0.281000,0.309017,0.616735,0.233470,10995
0.282000,0.587785,0.764112,0.528223,10789
0.283000,0.809017,0.884696,0.769391,10546
0.284000,0.951057,0.969446,0.938892,10506
0.285000,1.000000,0.997326,0.994653,10473
0.286000,0.951057,0.973258,0.946517,10508
0.287000,0.809017,0.904149,0.808299,11351
0.288000,0.587785,0.780159,0.560318,10685
0.289000,0.309017,0.626265,0.252531,11064
0.290000,-0.000000,0.469492,-0.061016,11161
0.291000,-0.309017,0.324626,-0.350749,11484
0.292000,-0.587785,0.187933,-0.624134,11685
0.293000,-0.809017,0.081887,-0.836226,11870
0.294000,-0.951057,0.024865,-0.950269,11703
0.295000,-1.000000,0.000941,-0.998117,11686
0.296000,-0.951057,0.020445,-0.959109,12032
0.297000,-0.809017,0.085809,-0.828382,11747
0.298000,-0.587785,0.178670,-0.642659,11552
0.299000,-0.309017,0.314395,-0.371209,11476
0.300000,0.000000,0.457353,-0.085293,11267
0.301000,0.309017,0.621361,0.242722,10992
0.302000,0.587785,0.762203,0.524406,10694
0.303000,0.809017,0.887882,0.775765,12585
0.304000,0.951057,0.969041,0.938083,10078
0.305000,1.000000,0.998677,0.997353,9823
0.306000,0.951057,0.974646,0.949293,9545
0.307000,0.809017,0.897283,0.794566,10047
0.308000,0.587785,0.781473,0.562947,14822
0.309000,0.309017,0.636833,0.273666,9687
0.310000,-0.000000,0.471446,-0.057109,10016
0.311000,-0.309017,0.321997,-0.356007,10438
0.312000,-0.587785,0.194580,-0.610839,10222
0.313000,-0.809017,0.087222,-0.825556,10651
0.314000,-0.951057,0.024500,-0.950999,11306
0.315000,-1.000000,0.001135,-0.997731,10577
0.316000,-0.951057,0.021800,-0.956400,11101
0.317000,-0.809017,0.084834,-0.830332,10550
0.318000,-0.587785,0.180351,-0.639298,11278
0.319000,-0.309017,0.298294,-0.403413,11311
0.320000,0.000000,0.466459,-0.067081,11255
0.321000,0.309017,0.616007,0.232013,11008
0.322000,0.587785,0.767348,0.534697,10707
0.323000,0.809017,0.884496,0.768992,10623
0.324000,0.951057,0.967917,0.935834,10504
0.325000,1.000000,0.998761,0.997523,10495
0.326000,0.951057,0.974067,0.948134,10450
0.327000,0.809017,0.894301,0.788601,10615
0.328000,0.587785,0.782799,0.565597,10755
0.329000,0.309017,0.632084,0.264169,10622
0.330000,-0.000000,0.481042,-0.037915,11051
0.331000,-0.309017,0.317188,-0.365623,11438
0.332000,-0.587785,0.181747,-0.636506,11505
0.333000,-0.809017,0.090379,-0.819241,11839
0.334000,-0.951057,0.024694,-0.950611,11946
0.335000,-1.000000,0.000996,-0.998008,12046
0.336000,-0.951057,0.021953,-0.956093,11980
0.337000,-0.809017,0.082127,-0.835746,11811
0.338000,-0.587785,0.183226,-0.633547,11685
0.339000,-0.309017,0.316180,-0.367641,11465
0.340000,0.000000,0.456558,-0.086883,11245
0.341000,0.309017,0.623656,0.247312,10974
0.342000,0.587785,0.760311,0.520621,10814
0.343000,0.809017,0.889360,0.778719,10620
0.344000,0.951057,0.963711,0.927422,10499
0.345000,1.000000,0.998664,0.997328,10478
0.346000,0.951057,0.974310,0.948620,10510
0.347000,0.809017,0.897627,0.795253,10618
0.348000,0.587785,0.772939,0.545878,10746
0.349000,0.309017,0.636851,0.273702,11001
0.350000,-0.000000,0.474499,-0.051001,11235
0.351000,-0.309017,0.311256,-0.377488,11505
0.352000,-0.587785,0.194256,-0.611487,11665
0.353000,-0.809017,0.085678,-0.828644,11835
0.354000,-0.951057,0.020906,-0.958188,12006
0.355000,-1.000000,0.000999,-0.998002,12010
0.356000,-0.951057,0.021813,-0.956373,12011
0.357000,-0.809017,0.081533,-0.836934,11897
0.358000,-0.587785,0.182935,-0.634130,11720
0.359000,-0.309017,0.315969,-0.368061,11403
0.360000,0.000000,0.457531,-0.084938,11267
0.361000,0.309017,0.617591,0.235182,11017
0.362000,0.587785,0.758981,0.517963,10800
0.363000,0.809017,0.889046,0.778093,10590
0.364000,0.951057,0.964269,0.928537,10523
0.365000,1.000000,0.998756,0.997512,10451
0.366000,0.951057,0.974207,0.948414,10468
0.367000,0.809017,0.893745,0.787491,10616
0.368000,0.587785,0.773427,0.546855,10778
0.369000,0.309017,0.639570,0.279140,10973
0.370000,-0.000000,0.467054,-0.065892,11185
0.371000,-0.309017,0.315698,-0.368605,11473
0.372000,-0.587785,0.194178,-0.611644,11577
0.373000,-0.809017,0.085876,-0.828248,11831
0.374000,-0.951057,0.021094,-0.957812,11899
0.375000,-1.000000,0.001001,-0.997999,11992
0.376000,-0.951057,0.021938,-0.956125,11943
0.377000,-0.809017,0.081880,-0.836240,11810
0.378000,-0.587785,0.183525,-0.632950,11666
0.379000,-0.309017,0.312615,-0.374771,11455
0.380000,0.000000,0.460853,-0.078293,11227
0.381000,0.309017,0.620356,0.240712,10955
0.382000,0.587785,0.760894,0.521788,10786
0.383000,0.809017,0.878740,0.757480,11397
0.384000,0.951057,0.967916,0.935833,10535
0.385000,1.000000,0.998660,0.997320,10448
0.386000,0.951057,0.974198,0.948396,10503
0.387000,0.809017,0.894146,0.788293,10609
0.388000,0.587785,0.779581,0.559162,10784
0.389000,0.309017,0.635146,0.270292,10977
0.390000,-0.000000,0.464983,-0.070033,11209
0.391000,-0.309017,0.320858,-0.358284,11329
0.392000,-0.587785,0.195716,-0.608568,11578
0.393000,-0.809017,0.085852,-0.828296,11846
0.394000,-0.951057,0.020915,-0.958169,11953
0.395000,-1.000000,0.001001,-0.997998,11987
0.396000,-0.951057,0.021972,-0.956055,11924
0.397000,-0.809017,0.081971,-0.836057,11870
0.398000,-0.587785,0.187954,-0.624091,11689
0.399000,-0.309017,0.305892,-0.388217,11491
0.400000,0.000000,0.468689,-0.062623,11210
0.401000,0.309017,0.616856,0.233712,10928
0.402000,0.587785,0.762516,0.525031,10367
0.403000,0.809017,0.889442,0.778885,21075
0.404000,0.951057,0.967257,0.934513,9773
0.405000,1.000000,0.998875,0.997749,9774
0.406000,0.951057,0.973133,0.946266,10310
0.407000,0.809017,0.899783,0.799567,10158
0.408000,0.587785,0.783092,0.566183,9723
0.409000,0.309017,0.640965,0.281930,10155
0.410000,-0.000000,0.478762,-0.042475,10665
0.411000,-0.309017,0.323921,-0.352159,10447
0.412000,-0.587785,0.189635,-0.620729,10420
0.413000,-0.809017,0.087799,-0.824402,11196
0.414000,-0.951057,0.024783,-0.950434,11984
0.415000,-1.000000,0.000000,-1.000000,11950
0.416000,-0.951057,0.021406,-0.957188,11679
0.417000,-0.809017,0.081624,-0.836752,11896
0.418000,-0.587785,0.182999,-0.634003,11705
0.419000,-0.309017,0.305904,-0.388192,11484
0.420000,0.000000,0.465984,-0.068032,11230
0.421000,0.309017,0.616850,0.233699,11027
0.422000,0.587785,0.759774,0.519548,10794
0.423000,0.809017,0.889674,0.779348,10614
0.424000,0.951057,0.964190,0.928380,10472
0.425000,1.000000,0.998663,0.997325,10469
0.426000,0.951057,0.974193,0.948386,10501
0.427000,0.809017,0.894483,0.788967,10586
0.428000,0.587785,0.773239,0.546478,10747
0.429000,0.309017,0.626524,0.253047,10994
0.430000,-0.000000,0.481224,-0.037552,11211
0.431000,-0.309017,0.322241,-0.355518,11389
0.432000,-0.587785,0.179733,-0.640534,11684
0.433000,-0.809017,0.089809,-0.820383,11814
0.434000,-0.951057,0.021585,-0.956830,11860
0.435000,-1.000000,0.000000,-1.000000,11933
0.436000,-0.951057,0.020699,-0.958602,11933
0.437000,-0.809017,0.082624,-0.834753,11861
0.438000,-0.587785,0.182138,-0.635725,11667
0.439000,-0.309017,0.313343,-0.373315,11422
0.440000,0.000000,0.461853,-0.076293,11233
0.441000,0.309017,0.610359,0.220718,11005
0.442000,0.587785,0.769710,0.539420,10756
0.443000,0.809017,0.885122,0.770245,10620
0.444000,0.951057,0.969166,0.938333,10508
0.445000,1.000000,0.997420,0.994840,10466
0.446000,0.951057,0.972823,0.945647,10487
0.447000,0.809017,0.899274,0.798549,10613
0.448000,0.587785,0.778541,0.557082,10774
0.449000,0.309017,0.623670,0.247339,10993
0.450000,-0.000000,0.475714,-0.048571,11200
0.451000,-0.309017,0.326495,-0.347010,11504
0.452000,-0.587785,0.186816,-0.626368,11696
0.453000,-0.809017,0.083164,-0.833672,11820
0.454000,-0.951057,0.024852,-0.950296,11991
0.455000,-1.000000,0.000000,-1.000000,12032
0.456000,-0.951057,0.021033,-0.957933,11981
0.457000,-0.809017,0.082940,-0.834121,11852
0.458000,-0.587785,0.181159,-0.637682,11719
0.459000,-0.309017,0.312109,-0.375783,11496
0.460000,0.000000,0.465339,-0.069321,11252
0.461000,0.309017,0.609667,0.219335,11006
0.462000,0.587785,0.768497,0.536994,10799
0.463000,0.809017,0.884395,0.768789,10631
0.464000,0.951057,0.968570,0.937140,10404
0.465000,1.000000,0.997326,0.994651,10470
0.466000,0.951057,0.972947,0.945895,10535
0.467000,0.809017,0.899248,0.798496,10640
0.468000,0.587785,0.777095,0.554190,10740
0.469000,0.309017,0.623682,0.247365,11004
0.470000,-0.000000,0.477242,-0.045515,11227
0.471000,-0.309017,0.327488,-0.345023,11463
0.472000,-0.587785,0.179916,-0.640168,11661
0.473000,-0.809017,0.090311,-0.819378,11859
0.474000,-0.951057,0.022053,-0.955893,11971
0.475000,-1.000000,0.000000,-1.000000,12009
0.476000,-0.951057,0.021034,-0.957932,11933
0.477000,-0.809017,0.085864,-0.828273,11856
0.478000,-0.587785,0.173576,-0.652849,12496
0.479000,-0.309017,0.314161,-0.371678,11440
0.480000,0.000000,0.459539,-0.080922,11233
0.481000,0.309017,0.617056,0.234112,10999
0.482000,0.587785,0.759896,0.519792,10787
0.483000,0.809017,0.889410,0.778820,10444
0.484000,0.951057,0.967597,0.935195,10493
0.485000,1.000000,0.998751,0.997503,10411
0.486000,0.951057,0.974420,0.948839,10555
0.487000,0.809017,0.897409,0.794818,10576
0.488000,0.587785,0.772946,0.545893,10786
0.489000,0.309017,0.633130,0.266260,10993
0.490000,-0.000000,0.477777,-0.044447,10147
0.491000,-0.309017,0.331567,-0.336866,10191
0.492000,-0.587785,0.191400,-0.617200,11698
0.493000,-0.809017,0.089641,-0.820718,11758
0.494000,-0.951057,0.022122,-0.955755,11572
0.495000,-1.000000,0.000000,-1.000000,11814
0.496000,-0.951057,0.020429,-0.959142,11650
0.497000,-0.809017,0.084166,-0.831667,11703
0.498000,-0.587785,0.177423,-0.645155,9700
0.499000,-0.309017,0.310847,-0.378306,10777
0.500000,0.000000,0.456382,-0.087236,10741
0.501000,0.309017,0.632381,0.264762,9975
0.502000,0.587785,0.763041,0.526081,10314
0.503000,0.809017,0.891023,0.782045,10415
0.504000,0.951057,0.965021,0.930042,10349
0.505000,1.000000,0.999238,0.998475,18363
0.506000,0.951057,0.972954,0.945907,11203
0.507000,0.809017,0.894686,0.789371,9258
0.508000,0.587785,0.789079,0.578158,9871
0.509000,0.309017,0.628146,0.256291,10133
0.510000,-0.000000,0.479322,-0.041355,11099
0.511000,-0.309017,0.322278,-0.355444,11307
0.512000,-0.587785,0.191709,-0.616581,11314
0.513000,-0.809017,0.089821,-0.820357,11868
0.514000,-0.951057,0.025110,-0.949780,11589
0.515000,-1.000000,0.000000,-1.000000,11943
0.516000,-0.951057,0.020919,-0.958162,11951
0.517000,-0.809017,0.082610,-0.834780,11524
0.518000,-0.587785,0.187278,-0.625445,11523
0.519000,-0.309017,0.303404,-0.393191,11015
0.520000,0.000000,0.463342,-0.073315,11130
0.521000,0.309017,0.605813,0.211625,10632
0.522000,0.587785,0.764008,0.528016,9441
0.523000,0.809017,0.890988,0.781976,9476
0.524000,0.951057,0.965750,0.931500,10219
0.525000,1.000000,0.997770,0.995541,10316
0.526000,0.951057,0.973933,0.947866,10051
0.527000,0.809017,0.895539,0.791077,10109
0.528000,0.587785,0.785248,0.570496,7660
0.529000,0.309017,0.631688,0.263376,10597
0.530000,-0.000000,0.478099,-0.043801,11301
0.531000,-0.309017,0.313777,-0.372446,11454
0.532000,-0.587785,0.188920,-0.622160,11444
0.533000,-0.809017,0.090497,-0.819006,11249
0.534000,-0.951057,0.025939,-0.948122,10756
0.535000,-1.000000,0.000000,-1.000000,11204
0.536000,-0.951057,0.021797,-0.956406,11240
0.537000,-0.809017,0.078388,-0.843223,9555
0.538000,-0.587785,0.188746,-0.622509,11089
0.539000,-0.309017,0.313670,-0.372661,11222
0.540000,0.000000,0.463225,-0.073551,11040
0.541000,0.309017,0.612652,0.225304,11034
0.542000,0.587785,0.770405,0.540811,10610
0.543000,0.809017,0.878423,0.756846,10553
0.544000,0.951057,0.968364,0.936728,10368
0.545000,1.000000,0.998545,0.997089,8245
0.546000,0.951057,0.974748,0.949496,10217
0.547000,0.809017,0.894119,0.788238,10389
0.548000,0.587785,0.774370,0.548740,10792
0.549000,0.309017,0.640593,0.281187,10854
0.550000,-0.000000,0.467549,-0.064902,10955
0.551000,-0.309017,0.326260,-0.347480,10792
0.552000,-0.587785,0.185868,-0.628264,11605
0.553000,-0.809017,0.083454,-0.833092,11743
0.554000,-0.951057,0.021721,-0.956559,11694
0.555000,-1.000000,0.000000,-1.000000,11569
0.556000,-0.951057,0.021570,-0.956859,11590
0.557000,-0.809017,0.082735,-0.834531,14057
0.558000,-0.587785,0.183868,-0.632263,10154
0.559000,-0.309017,0.306778,-0.386445,10933
0.560000,0.000000,0.474461,-0.051079,9084
0.561000,0.309017,0.614139,0.228278,10312
0.562000,0.587785,0.770530,0.541061,10180
0.563000,0.809017,0.884641,0.769282,10489
0.564000,0.951057,0.968656,0.937312,10624
0.565000,1.000000,0.998583,0.997166,9880
0.566000,0.951057,0.973671,0.947342,9989
0.567000,0.809017,0.895818,0.791635,10616
0.568000,0.587785,0.782323,0.564645,10635
0.569000,0.309017,0.629599,0.259199,10980
0.570000,-0.000000,0.464117,-0.071765,11245
0.571000,-0.309017,0.326287,-0.347425,11496
0.572000,-0.587785,0.189389,-0.621221,11611
0.573000,-0.809017,0.090652,-0.818696,12719
0.574000,-0.951057,0.024686,-0.950628,11626
0.575000,-1.000000,0.001138,-0.997724,10546
0.576000,-0.951057,0.021457,-0.957085,11884
0.577000,-0.809017,0.084691,-0.830617,10615
0.578000,-0.587785,0.184036,-0.631928,11927
0.579000,-0.309017,0.310512,-0.378977,11378
0.580000,0.000000,0.465154,-0.069693,11235
0.581000,0.309017,0.609749,0.219499,11016
0.582000,0.587785,0.769859,0.539718,10776
0.583000,0.809017,0.884467,0.768934,10378
0.584000,0.951057,0.969596,0.939191,9867
0.585000,1.000000,0.998666,0.997333,10497
0.586000,0.951057,0.973064,0.946127,10432
0.587000,0.809017,0.898563,0.797126,10509
0.588000,0.587785,0.772651,0.545303,10794
0.589000,0.309017,0.627376,0.254751,10944
0.590000,-0.000000,0.487715,-0.024569,9809
0.591000,-0.309017,0.327356,-0.345289,10093
0.592000,-0.587785,0.188315,-0.623370,9585
0.593000,-0.809017,0.088772,-0.822456,9316
0.594000,-0.951057,0.019705,-0.960590,11520
0.595000,-1.000000,0.000000,-1.000000,10453
0.596000,-0.951057,0.020047,-0.959907,10725
0.597000,-0.809017,0.084186,-0.831627,11724
0.598000,-0.587785,0.173544,-0.652913,9888
0.599000,-0.309017,0.316912,-0.366175,10170
0.600000,0.000000,0.457148,-0.085705,11773
0.601000,0.309017,0.618152,0.236304,9729
0.602000,0.587785,0.774792,0.549583,9600
0.603000,0.809017,0.878765,0.757531,9461
0.604000,0.951057,0.966921,0.933842,9432
0.605000,1.000000,0.998436,0.996873,12151
0.606000,0.951057,0.972837,0.945673,9903
0.607000,0.809017,0.895216,0.790432,9553
0.608000,0.587785,0.788699,0.577398,10937
0.609000,0.309017,0.638737,0.277473,9846
0.610000,-0.000000,0.471222,-0.057555,10946
0.611000,-0.309017,0.322954,-0.354093,11240
0.612000,-0.587785,0.187687,-0.624626,11370
0.613000,-0.809017,0.087544,-0.824911,11834
0.614000,-0.951057,0.025155,-0.949691,11648
0.615000,-1.000000,0.000000,-1.000000,12118
0.616000,-0.951057,0.021908,-0.956185,12005
0.617000,-0.809017,0.081681,-0.836637,11704
0.618000,-0.587785,0.184266,-0.631468,11402
0.619000,-0.309017,0.315502,-0.368996,10431
0.620000,0.000000,0.458565,-0.082871,10269
0.621000,0.309017,0.615220,0.230439,10723
0.622000,0.587785,0.768690,0.537379,10233
0.623000,0.809017,0.879251,0.758501,10675
0.624000,0.951057,0.968055,0.936110,10518
0.625000,1.000000,0.998653,0.997307,10396
0.626000,0.951057,0.974298,0.948596,10505
0.627000,0.809017,0.894732,0.789464,10611
0.628000,0.587785,0.782060,0.564119,10769
0.629000,0.309017,0.622340,0.244680,10949
0.630000,-0.000000,0.468252,-0.063496,11103
0.631000,-0.309017,0.324080,-0.351841,11491
0.632000,-0.587785,0.192698,-0.614604,11230
0.633000,-0.809017,0.089931,-0.820137,11809
0.634000,-0.951057,0.021843,-0.956314,10667
0.635000,-1.000000,0.000931,-0.998139,11820
0.636000,-0.951057,0.021003,-0.957994,11046
0.637000,-0.809017,0.081947,-0.836107,11178
0.638000,-0.587785,0.182663,-0.634673,11617
0.639000,-0.309017,0.310166,-0.379668,11381
0.640000,0.000000,0.461975,-0.076050,11098
0.641000,0.309017,0.618243,0.236486,11007
0.642000,0.587785,0.760263,0.520526,10791
0.643000,0.809017,0.888952,0.777904,10572
0.644000,0.951057,0.964072,0.928144,10521
0.645000,1.000000,0.998758,0.997516,10467
0.646000,0.951057,0.974195,0.948391,10502
0.647000,0.809017,0.893300,0.786601,10553
0.648000,0.587785,0.773090,0.546180,10784
0.649000,0.309017,0.646844,0.293687,10661
0.650000,-0.000000,0.476291,-0.047419,10945
0.651000,-0.309017,0.325853,-0.348295,10293
0.652000,-0.587785,0.187012,-0.625976,11010
0.653000,-0.809017,0.090402,-0.819197,11825
0.654000,-0.951057,0.022012,-0.955975,11857
0.655000,-1.000000,0.000000,-1.000000,11471
0.656000,-0.951057,0.021401,-0.957197,11588
0.657000,-0.809017,0.081226,-0.837549,11782
0.658000,-0.587785,0.184784,-0.630431,11554
0.659000,-0.309017,0.319681,-0.360637,11427
0.660000,0.000000,0.473453,-0.053093,8890
0.661000,0.309017,0.618979,0.237958,10422
0.662000,0.587785,0.761669,0.523337,10691
0.663000,0.809017,0.889725,0.779449,10637
0.664000,0.951057,0.965590,0.931180,12816
0.665000,1.000000,0.997565,0.995130,9857
0.666000,0.951057,0.975901,0.951802,9627
0.667000,0.809017,0.894058,0.788115,10770
0.668000,0.587785,0.780217,0.560433,10797
0.669000,0.309017,0.643104,0.286209,11841
0.670000,-0.000000,0.465569,-0.068862,11298
0.671000,-0.309017,0.312012,-0.375976,11522
0.672000,-0.587785,0.194734,-0.610533,11621
0.673000,-0.809017,0.084465,-0.831070,11117
0.674000,-0.951057,0.024124,-0.951751,12021
0.675000,-1.000000,0.000916,-0.998168,12006
0.676000,-0.951057,0.022188,-0.955623,11853
0.677000,-0.809017,0.081785,-0.836429,11897
0.678000,-0.587785,0.179280,-0.641440,11390
0.679000,-0.309017,0.318529,-0.362942,10470
0.680000,0.000000,0.458883,-0.082234,10835
0.681000,0.309017,0.611024,0.222048,10178
0.682000,0.587785,0.764353,0.528706,10834
0.683000,0.809017,0.879897,0.759793,10441
0.684000,0.951057,0.968169,0.936337,10587
0.685000,1.000000,0.998662,0.997324,10462
0.686000,0.951057,0.973598,0.947195,10037
0.687000,0.809017,0.899052,0.798105,10342
0.688000,0.587785,0.775399,0.550798,10650
0.689000,0.309017,0.640117,0.280233,10295
0.690000,-0.000000,0.474307,-0.051386,9886
0.691000,-0.309017,0.327369,-0.345262,10395
0.692000,-0.587785,0.182180,-0.635641,10561
0.693000,-0.809017,0.089649,-0.820701,10898
0.694000,-0.951057,0.022284,-0.955432,11174
0.695000,-1.000000,0.001095,-0.997811,10050
0.696000,-0.951057,0.021182,-0.957637,18365
0.697000,-0.809017,0.091877,-0.816247,7423
0.698000,-0.587785,0.176901,-0.646198,9836
0.699000,-0.309017,0.310835,-0.378329,17083
0.700000,0.000000,0.463214,-0.073572,16066
0.701000,0.309017,0.607583,0.215166,10629
0.702000,0.587785,0.766680,0.533359,10312
0.703000,0.809017,0.883925,0.767850,10476
0.704000,0.951057,0.969204,0.938409,10521
0.705000,1.000000,0.997516,0.995032,10468
0.706000,0.951057,0.973133,0.946265,10496
0.707000,0.809017,0.899798,0.799595,11367
0.708000,0.587785,0.776793,0.553586,10040
0.709000,0.309017,0.634391,0.268783,10648
0.710000,-0.000000,0.483430,-0.033140,10169
0.711000,-0.309017,0.319983,-0.360034,11685
0.712000,-0.587785,0.193264,-0.613472,11580
0.713000,-0.809017,0.085459,-0.829083,11959
0.714000,-0.951057,0.021519,-0.956963,12129
0.715000,-1.000000,0.000000,-1.000000,12037
0.716000,-0.951057,0.021007,-0.957986,11996
0.717000,-0.809017,0.085927,-0.828146,11824
0.718000,-0.587785,0.178928,-0.642145,11731
0.719000,-0.309017,0.314457,-0.371086,11496
0.720000,0.000000,0.458781,-0.082439,11269
0.721000,0.309017,0.615728,0.231456,10974
0.722000,0.587785,0.764678,0.529356,10560
0.723000,0.809017,0.880702,0.761404,9799
0.724000,0.951057,0.969577,0.939155,10650
0.725000,1.000000,0.997424,0.994847,10092
0.726000,0.951057,0.975423,0.950845,10172
0.727000,0.809017,0.896623,0.793246,10128
0.728000,0.587785,0.770858,0.541716,10164
0.729000,0.309017,0.629079,0.258158,11094
0.730000,-0.000000,0.480766,-0.038468,11230
0.731000,-0.309017,0.315730,-0.368540,11494
0.732000,-0.587785,0.184297,-0.631407,11628
0.733000,-0.809017,0.089982,-0.820035,11869
0.734000,-0.951057,0.021979,-0.956042,11966
0.735000,-1.000000,0.000000,-1.000000,11716
0.736000,-0.951057,0.021912,-0.956176,11957
0.737000,-0.809017,0.081025,-0.837949,11626
0.738000,-0.587785,0.183955,-0.632090,10508
0.739000,-0.309017,0.310587,-0.378826,11533
0.740000,0.000000,0.466768,-0.066465,11239
0.741000,0.309017,0.617041,0.234081,11009
0.742000,0.587785,0.763485,0.526969,10790
0.743000,0.809017,0.887418,0.774837,10428
0.744000,0.951057,0.965906,0.931812,10207
0.745000,1.000000,0.998047,0.996095,10243
0.746000,0.951057,0.973282,0.946564,9357
0.747000,0.809017,0.900366,0.800731,10669
0.748000,0.587785,0.772917,0.545834,10789
0.749000,0.309017,0.638296,0.276592,10962
0.750000,-0.000000,0.465047,-0.069905,11158
0.751000,-0.309017,0.312549,-0.374902,11467
0.752000,-0.587785,0.193029,-0.613941,11563
0.753000,-0.809017,0.091012,-0.817976,10625
0.754000,-0.951057,0.024268,-0.951464,11991
0.755000,-1.000000,0.001002,-0.997996,11975
0.756000,-0.951057,0.022024,-0.955952,11896
0.757000,-0.809017,0.083477,-0.833046,11584
0.758000,-0.587785,0.187703,-0.624593,11678
0.759000,-0.309017,0.305810,-0.388381,11481
0.760000,0.000000,0.465872,-0.068257,11237
0.761000,0.309017,0.608723,0.217447,10982
0.762000,0.587785,0.765250,0.530500,10377
0.763000,0.809017,0.888198,0.776395,10286
0.764000,0.951057,0.963925,0.927850,10395
0.765000,1.000000,0.997214,0.994428,9692
0.766000,0.951057,0.974757,0.949513,10577
0.767000,0.809017,0.897414,0.794828,10557
0.768000,0.587785,0.788115,0.576230,9373
0.769000,0.309017,0.629209,0.258419,11017
0.770000,-0.000000,0.466347,-0.067305,11277
0.771000,-0.309017,0.326520,-0.346960,11497
0.772000,-0.587785,0.189210,-0.621580,11622
0.773000,-0.809017,0.081381,-0.837239,11907
0.774000,-0.951057,0.024258,-0.951484,11996
0.775000,-1.000000,0.000000,-1.000000,12036
0.776000,-0.951057,0.021004,-0.957992,11950
0.777000,-0.809017,0.082570,-0.834859,11905
0.778000,-0.587785,0.184837,-0.630325,11713
0.779000,-0.309017,0.305473,-0.389054,11438
0.780000,0.000000,0.462700,-0.074600,10925
0.781000,0.309017,0.614043,0.228086,11066
0.782000,0.587785,0.763215,0.526431,10064
0.783000,0.809017,0.882074,0.764148,7174
0.784000,0.951057,0.963855,0.927711,9047
0.785000,1.000000,0.997565,0.995130,9446
0.786000,0.951057,0.973547,0.947093,9564
0.787000,0.809017,0.896396,0.792792,9739
0.788000,0.587785,0.781135,0.562271,11715
0.789000,0.309017,0.694419,0.388838,17416
0.790000,-0.000000,0.477437,-0.045126,16620
0.791000,-0.309017,0.328994,-0.342012,10985
0.792000,-0.587785,0.190616,-0.618769,10933
0.793000,-0.809017,0.094941,-0.810119,11207
0.794000,-0.951057,0.021884,-0.956233,12338
0.795000,-1.000000,0.000766,-0.998467,11745
0.796000,-0.951057,0.021066,-0.957867,11440
0.797000,-0.809017,0.081425,-0.837150,13276
0.798000,-0.587785,0.179765,-0.640470,9696
0.799000,-0.309017,0.316503,-0.366995,10259
0.800000,0.000000,0.458025,-0.083949,11364
0.801000,0.309017,0.615153,0.230306,10968
0.802000,0.587785,0.767266,0.534533,10729
0.803000,0.809017,0.884757,0.769513,10621
0.804000,0.951057,0.969322,0.938643,10496
0.805000,1.000000,0.997420,0.994840,10466
0.806000,0.951057,0.972735,0.945470,10453
0.807000,0.809017,0.896512,0.793023,10349
0.808000,0.587785,0.776866,0.553733,10729
0.809000,0.309017,0.626996,0.253993,11083
0.810000,-0.000000,0.474908,-0.050185,11099
0.811000,-0.309017,0.319921,-0.360157,11184
0.812000,-0.587785,0.188812,-0.622375,11763
0.813000,-0.809017,0.090616,-0.818768,11786
0.814000,-0.951057,0.021886,-0.956227,10783
0.815000,-1.000000,0.000000,-1.000000,9213
0.816000,-0.951057,0.021312,-0.957376,9572
0.817000,-0.809017,0.090446,-0.819109,9022
0.818000,-0.587785,0.173447,-0.653105,10176
0.819000,-0.309017,0.308989,-0.382022,11570
0.820000,0.000000,0.464311,-0.071378,11264
0.821000,0.309017,0.611206,0.222412,11137
0.822000,0.587785,0.759038,0.518077,10815
0.823000,0.809017,0.884594,0.769187,10632
0.824000,0.951057,0.969035,0.938069,10431
0.825000,1.000000,0.997520,0.995039,10482
0.826000,0.951057,0.973125,0.946250,10493
0.827000,0.809017,0.899485,0.798970,10675
0.828000,0.587785,0.776023,0.552046,10702
0.829000,0.309017,0.623309,0.246619,11017
0.830000,-0.000000,0.472776,-0.054448,11240
0.831000,-0.309017,0.326625,-0.346750,11478
0.832000,-0.587785,0.180319,-0.639362,11219
0.833000,-0.809017,0.089280,-0.821440,9767
0.834000,-0.951057,0.023352,-0.953296,9207
0.835000,-1.000000,0.000273,-0.999454,18328
0.836000,-0.951057,0.020355,-0.959290,11545
0.837000,-0.809017,0.083240,-0.833519,11653
0.838000,-0.587785,0.183619,-0.632762,11611
0.839000,-0.309017,0.309895,-0.380211,11491
0.840000,0.000000,0.460256,-0.079489,11033
0.841000,0.309017,0.620801,0.241603,11105
0.842000,0.587785,0.755856,0.511713,10715
0.843000,0.809017,0.885227,0.770455,10621
0.844000,0.951057,0.969452,0.938904,10508
0.845000,1.000000,0.998636,0.997273,10266
0.846000,0.951057,0.972830,0.945661,10416
0.847000,0.809017,0.899644,0.799287,10662
0.848000,0.587785,0.778666,0.557331,10762
0.849000,0.309017,0.622595,0.245189,10861
0.850000,-0.000000,0.472351,-0.055299,10814
0.851000,-0.309017,0.322758,-0.354485,10937
0.852000,-0.587785,0.199591,-0.600818,8312
0.853000,-0.809017,0.089823,-0.820354,11133
0.854000,-0.951057,0.024773,-0.950455,11989
0.855000,-1.000000,0.000000,-1.000000,11981
0.856000,-0.951057,0.021062,-0.957875,11917
0.857000,-0.809017,0.082714,-0.834571,11848
0.858000,-0.587785,0.186021,-0.627959,11660
0.859000,-0.309017,0.301855,-0.396291,12294
0.860000,0.000000,0.459604,-0.080792,11214
0.861000,0.309017,0.612658,0.225315,11029
0.862000,0.587785,0.769231,0.538462,10790
0.863000,0.809017,0.884114,0.768228,10588
0.864000,0.951057,0.969204,0.938409,10521
0.865000,1.000000,0.997327,0.994655,10477
0.866000,0.951057,0.972515,0.945031,10515
0.867000,0.809017,0.898467,0.796933,10499
0.868000,0.587785,0.782915,0.565829,10231
0.869000,0.309017,0.631086,0.262173,10043
0.870000,-0.000000,0.477395,-0.045209,9998
0.871000,-0.309017,0.317705,-0.364589,10302
0.872000,-0.587785,0.190415,-0.619170,11685
0.873000,-0.809017,0.090205,-0.819589,11884
0.874000,-0.951057,0.021941,-0.956118,11941
0.875000,-1.000000,0.000087,-0.999826,11493
0.876000,-0.951057,0.021397,-0.957206,22947
0.877000,-0.809017,0.078147,-0.843705,10493
0.878000,-0.587785,0.183492,-0.633015,11837
0.879000,-0.309017,0.307750,-0.384500,11974
0.880000,0.000000,0.458807,-0.082387,10390
0.881000,0.309017,0.604634,0.209269,9753
0.882000,0.587785,0.766878,0.533756,9317
0.883000,0.809017,0.886578,0.773156,9760
0.884000,0.951057,0.968736,0.937472,11067
0.885000,1.000000,0.997576,0.995152,9076
0.886000,0.951057,0.974147,0.948293,9051
0.887000,0.809017,0.898837,0.797674,8511
0.888000,0.587785,0.795064,0.590128,8266
0.889000,0.309017,0.632837,0.265673,10001
0.890000,-0.000000,0.473207,-0.053586,11253
0.891000,-0.309017,0.309805,-0.380390,11433
0.892000,-0.587785,0.192733,-0.614534,11669
0.893000,-0.809017,0.086045,-0.827910,11831
0.894000,-0.951057,0.021126,-0.957748,11739
0.895000,-1.000000,0.001001,-0.997998,11990
0.896000,-0.951057,0.021934,-0.956132,11945
0.897000,-0.809017,0.082059,-0.835883,11833
0.898000,-0.587785,0.180793,-0.638413,11621
0.899000,-0.309017,0.316130,-0.367741,11451
0.900000,0.000000,0.457232,-0.085536,11235
0.901000,0.309017,0.620461,0.240921,10987
0.902000,0.587785,0.761342,0.522684,10492
0.903000,0.809017,0.887285,0.774570,10114
0.904000,0.951057,0.968529,0.937058,8770
0.905000,1.000000,0.997445,0.994889,9783
0.906000,0.951057,0.974088,0.948175,9918
0.907000,0.809017,0.898767,0.797535,10708
0.908000,0.587785,0.772605,0.545210,10783
0.909000,0.309017,0.624046,0.248091,10871
0.910000,-0.000000,0.476604,-0.046792,11284
0.911000,-0.309017,0.327601,-0.344797,11456
0.912000,-0.587785,0.184211,-0.631579,11666
0.913000,-0.809017,0.086543,-0.826915,11763
0.914000,-0.951057,0.024745,-0.950510,11962
0.915000,-1.000000,0.000000,-1.000000,11999
0.916000,-0.951057,0.020942,-0.958116,11890
0.917000,-0.809017,0.085502,-0.828995,11871
0.918000,-0.587785,0.179319,-0.641363,11711
0.919000,-0.309017,0.314525,-0.370951,11484
0.920000,0.000000,0.461330,-0.077340,11081
0.921000,0.309017,0.617928,0.235855,10587
0.922000,0.587785,0.764751,0.529502,10457
0.923000,0.809017,0.885703,0.771405,9764
0.924000,0.951057,0.963647,0.927294,10343
0.925000,1.000000,0.998738,0.997477,9512
0.926000,0.951057,0.973637,0.947275,10697
0.927000,0.809017,0.892993,0.785986,10532
0.928000,0.587785,0.782496,0.564992,10786
0.929000,0.309017,0.622923,0.245845,11011
0.930000,-0.000000,0.464682,-0.070635,11255
0.931000,-0.309017,0.324034,-0.351933,11434
0.932000,-0.587785,0.187303,-0.625395,11719
0.933000,-0.809017,0.081883,-0.836234,11895
0.934000,-0.951057,0.024620,-0.950759,11982
0.935000,-1.000000,0.000000,-1.000000,11955
0.936000,-0.951057,0.020754,-0.958492,11853
0.937000,-0.809017,0.082849,-0.834302,11877
0.938000,-0.587785,0.180694,-0.638612,11644
0.939000,-0.309017,0.304950,-0.390099,11110
0.940000,0.000000,0.463949,-0.072102,10499
0.941000,0.309017,0.617691,0.235382,9372
0.942000,0.587785,0.758837,0.517674,9562
0.943000,0.809017,0.881930,0.763859,10697
0.944000,0.951057,0.964507,0.929013,10509
0.945000,1.000000,0.998662,0.997323,10461
0.946000,0.951057,0.974110,0.948219,10390
0.947000,0.809017,0.897836,0.795673,10630
0.948000,0.587785,0.773592,0.547184,10777
0.949000,0.309017,0.633339,0.266679,10912
0.950000,-0.000000,0.477768,-0.044464,11200
0.951000,-0.309017,0.312751,-0.374499,11466
0.952000,-0.587785,0.191677,-0.616645,11655
0.953000,-0.809017,0.085211,-0.829577,11759
0.954000,-0.951057,0.021106,-0.957789,11940
0.955000,-1.000000,0.001891,-0.996219,12695
0.956000,-0.951057,0.021730,-0.956540,11965
0.957000,-0.809017,0.081800,-0.836400,11467
0.958000,-0.587785,0.179765,-0.640470,11159
0.959000,-0.309017,0.321352,-0.357297,9292
0.960000,0.000000,0.453712,-0.092575,9711
0.961000,0.309017,0.613967,0.227934,11069
0.962000,0.587785,0.760707,0.521413,10811
0.963000,0.809017,0.884644,0.769289,10628
0.964000,0.951057,0.969237,0.938473,10467
0.965000,1.000000,0.997328,0.994656,10479
0.966000,0.951057,0.973063,0.946126,10506
0.967000,0.809017,0.898982,0.797965,10612
0.968000,0.587785,0.771506,0.543012,10683
0.969000,0.309017,0.625341,0.250681,11010
0.970000,-0.000000,0.479221,-0.041559,11189
0.971000,-0.309017,0.321653,-0.356695,11472
0.972000,-0.587785,0.184878,-0.630245,11202
0.973000,-0.809017,0.085413,-0.829173,12340
0.974000,-0.951057,0.021465,-0.957070,11181
0.975000,-1.000000,0.000792,-0.998417,13897
0.976000,-0.951057,0.021757,-0.956486,10847
0.977000,-0.809017,0.084269,-0.831461,13979
0.978000,-0.587785,0.178564,-0.642872,9890
0.979000,-0.309017,0.313295,-0.373409,9981
0.980000,0.000000,0.437963,-0.124073,7149
0.981000,0.309017,0.618017,0.236034,9058
0.982000,0.587785,0.756003,0.512005,11037
0.983000,0.809017,0.888934,0.777869,9796
0.984000,0.951057,0.965678,0.931356,8799
0.985000,1.000000,0.997459,0.994918,9838
0.986000,0.951057,0.972441,0.944882,9398
0.987000,0.809017,0.900396,0.800791,9608
0.988000,0.587785,0.780530,0.561059,9892
0.989000,0.309017,0.627964,0.255928,11007
0.990000,-0.000000,0.476890,-0.046219,10818
0.991000,-0.309017,0.321471,-0.357057,11662
0.992000,-0.587785,0.188227,-0.623546,11433
0.993000,-0.809017,0.084873,-0.830253,11417
0.994000,-0.951057,0.025142,-0.949717,12171
0.995000,-1.000000,0.000999,-0.998002,11009
0.996000,-0.951057,0.020269,-0.959463,11841
0.997000,-0.809017,0.085649,-0.828701,11874
0.998000,-0.587785,0.179366,-0.641267,11680
0.999000,-0.309017,0.311620,-0.376760,11007
1.000000,0.000000,0.459860,-0.080279,11323
1.001000,0.309017,0.609960,0.219920,11004
1.002000,0.587785,0.769795,0.539590,10773
1.003000,0.809017,0.883849,0.767698,10538
1.004000,0.951057,0.969163,0.938327,10507
1.005000,1.000000,0.997366,0.994731,10249
1.006000,0.951057,0.974195,0.948391,10502
1.007000,0.809017,0.898623,0.797246,10604
1.008000,0.587785,0.772550,0.545100,10776
1.009000,0.309017,0.633066,0.266132,10972
1.010000,0.000000,0.471270,-0.057461,10790
1.011000,-0.309017,0.322816,-0.354368,11093
1.012000,-0.587785,0.189042,-0.621917,11352
1.013000,-0.809017,0.084691,-0.830618,10863
1.014000,-0.951057,0.024368,-0.951265,11819
1.015000,-1.000000,0.000000,-1.000000,10785
1.016000,-0.951057,0.021809,-0.956382,12105
1.017000,-0.809017,0.081811,-0.836378,11771
1.018000,-0.587785,0.179945,-0.640109,11698
1.019000,-0.309017,0.315101,-0.369798,11463
1.020000,-0.000000,0.454261,-0.091478,11183
1.021000,0.309017,0.615077,0.230154,10997
1.022000,0.587785,0.764249,0.528497,10808
1.023000,0.809017,0.884811,0.769622,10626
1.024000,0.951057,0.968916,0.937833,10520
1.025000,1.000000,0.997319,0.994637,10442
1.026000,0.951057,0.973456,0.946913,10511
1.027000,0.809017,0.898705,0.797411,10583
1.028000,0.587785,0.777537,0.555074,10613
1.029000,0.309017,0.625059,0.250118,10591
1.030000,0.000000,0.475997,-0.048006,22372
1.031000,-0.309017,0.325474,-0.349051,10858
1.032000,-0.587785,0.186423,-0.627153,11785
1.033000,-0.809017,0.082856,-0.834288,11876
1.034000,-0.951057,0.022486,-0.955028,11963
1.035000,-1.000000,0.000000,-1.000000,12049
1.036000,-0.951057,0.020924,-0.958153,11996
1.037000,-0.809017,0.082107,-0.835785,11692
1.038000,-0.587785,0.177347,-0.645307,11751
1.039000,-0.309017,0.318308,-0.363383,11492
1.040000,-0.000000,0.452810,-0.094380,11263
1.041000,0.309017,0.622707,0.245413,11010
1.042000,0.587785,0.759494,0.518987,10744
1.043000,0.809017,0.889537,0.779074,10628
1.044000,0.951057,0.964224,0.928448,10398
1.045000,1.000000,0.998751,0.997502,10407
1.046000,0.951057,0.973555,0.947111,10210
1.047000,0.809017,0.897489,0.794977,15091
1.048000,0.587785,0.774635,0.549270,8839
1.049000,0.309017,0.636989,0.273979,11041
1.050000,0.000000,0.478060,-0.043880,11258
1.051000,-0.309017,0.325490,-0.349020,12240
1.052000,-0.587785,0.190731,-0.618538,11587
1.053000,-0.809017,0.085712,-0.828576,11842
1.054000,-0.951057,0.020887,-0.958225,11969
1.055000,-1.000000,0.001000,-0.997999,11997
1.056000,-0.951057,0.021032,-0.957936,11839
1.057000,-0.809017,0.081757,-0.836486,11840
1.058000,-0.587785,0.182773,-0.634455,11621
1.059000,-0.309017,0.316263,-0.367474,11443
1.060000,-0.000000,0.452436,-0.095128,11248
1.061000,0.309017,0.625626,0.251252,10981
1.062000,0.587785,0.759874,0.519748,10786
1.063000,0.809017,0.890585,0.781170,10483
1.064000,0.951057,0.964954,0.929907,10158
1.065000,1.000000,0.997739,0.995479,11501
1.066000,0.951057,0.979370,0.958740,9743
1.067000,0.809017,0.900481,0.800961,9154
1.068000,0.587785,0.775255,0.550509,56277
1.069000,0.309017,0.639312,0.278624,11101
1.070000,0.000000,0.477457,-0.045085,11201
1.071000,-0.309017,0.315576,-0.368847,11113
1.072000,-0.587785,0.181524,-0.636952,11117
1.073000,-0.809017,0.087776,-0.824449,10880
1.074000,-0.951057,0.022857,-0.954285,23231
1.075000,-1.000000,0.000911,-0.998178,10978
1.076000,-0.951057,0.020440,-0.959120,10910
1.077000,-0.809017,0.081013,-0.837974,11097
1.078000,-0.587785,0.181295,-0.637410,10778
1.079000,-0.309017,0.314077,-0.371847,9434
1.080000,-0.000000,0.474097,-0.051805,9806
1.081000,0.309017,0.613262,0.226524,13482
1.082000,0.587785,0.762370,0.524739,10348
1.083000,0.809017,0.886743,0.773486,10666
1.084000,0.951057,0.968894,0.937788,10416
1.085000,1.000000,0.998760,0.997521,10487
1.086000,0.951057,0.972767,0.945534,10502
1.087000,0.809017,0.896607,0.793214,10610
1.088000,0.587785,0.782666,0.565331,10707
1.089000,0.309017,0.624218,0.248436,10868
1.090000,0.000000,0.468123,-0.063755,11309
1.091000,-0.309017,0.323332,-0.353336,11465
1.092000,-0.587785,0.193503,-0.612994,11328
1.093000,-0.809017,0.084672,-0.830656,11267
1.094000,-0.951057,0.023967,-0.952066,11933
1.095000,-1.000000,0.000953,-0.998093,10490
1.096000,-0.951057,0.021255,-0.957489,12044
1.097000,-0.809017,0.085181,-0.829637,10507
1.098000,-0.587785,0.180591,-0.638819,11850
1.099000,-0.309017,0.306134,-0.387733,10907
1.100000,-0.000000,0.465089,-0.069821,11286
1.101000,0.309017,0.614881,0.229763,11007
1.102000,0.587785,0.766861,0.533723,10779
1.103000,0.809017,0.887869,0.775738,10568
1.104000,0.951057,0.967671,0.935343,10517
1.105000,1.000000,0.998663,0.997325,10468
1.106000,0.951057,0.975514,0.951028,10455
1.107000,0.809017,0.894598,0.789196,10607
1.108000,0.587785,0.783397,0.566794,10757
1.109000,0.309017,0.630821,0.261642,10973
1.110000,0.000000,0.476915,-0.046170,11306
1.111000,-0.309017,0.316766,-0.366469,10945
1.112000,-0.587785,0.183373,-0.633254,10465
1.113000,-0.809017,0.085529,-0.828941,10511
1.114000,-0.951057,0.021206,-0.957588,10846
1.115000,-1.000000,0.000992,-0.998017,12101
1.116000,-0.951057,0.021859,-0.956282,11986
1.117000,-0.809017,0.081546,-0.836908,11797
1.118000,-0.587785,0.182276,-0.635447,11510
1.119000,-0.309017,0.316896,-0.366207,11458
1.120000,-0.000000,0.454287,-0.091425,11277
1.121000,0.309017,0.625958,0.251915,10964
1.122000,0.587785,0.759919,0.519837,10813
1.123000,0.809017,0.889422,0.778844,10626
1.124000,0.951057,0.964442,0.928884,10518
1.125000,1.000000,0.998731,0.997462,10245
1.126000,0.951057,0.973742,0.947484,10511
1.127000,0.809017,0.899163,0.798326,10512
1.128000,0.587785,0.782572,0.565144,10707
1.129000,0.309017,0.626814,0.253627,10614
1.130000,0.000000,0.478283,-0.043435,11926
1.131000,-0.309017,0.339052,-0.321896,9618
1.132000,-0.587785,0.190797,-0.618406,10236
1.133000,-0.809017,0.088046,-0.823909,12096
1.134000,-0.951057,0.024802,-0.950395,12015
1.135000,-1.000000,0.000000,-1.000000,12049
1.136000,-0.951057,0.020875,-0.958250,12503
1.137000,-0.809017,0.082898,-0.834204,11870
1.138000,-0.587785,0.184559,-0.630882,11709
1.139000,-0.309017,0.309709,-0.380582,11443
1.140000,-0.000000,0.462783,-0.074433,11245
1.141000,0.309017,0.609555,0.219110,11031
1.142000,0.587785,0.771421,0.542841,10714
1.143000,0.809017,0.882797,0.765594,10597
1.144000,0.951057,0.968153,0.936306,10519
1.145000,1.000000,0.998752,0.997503,10414
1.146000,0.951057,0.974419,0.948838,11063
1.147000,0.809017,0.898617,0.797233,10337
1.148000,0.587785,0.783119,0.566237,10485
1.149000,0.309017,0.641830,0.283660,9180
1.150000,0.000000,0.487406,-0.025189,9528
1.151000,-0.309017,0.326784,-0.346431,11656
1.152000,-0.587785,0.185839,-0.628322,11666
1.153000,-0.809017,0.084299,-0.831403,11827
1.154000,-0.951057,0.024888,-0.950224,11853
1.155000,-1.000000,0.000000,-1.000000,11977
1.156000,-0.951057,0.020893,-0.958214,11918
1.157000,-0.809017,0.085298,-0.829404,10774
1.158000,-0.587785,0.178590,-0.642820,11490
1.159000,-0.309017,0.308883,-0.382234,10593
1.160000,-0.000000,0.465010,-0.069980,13118
1.161000,0.309017,0.602774,0.205549,10669
1.162000,0.587785,0.765425,0.530850,10632
1.163000,0.809017,0.890269,0.780537,10307
1.164000,0.951057,0.964903,0.929806,9374
1.165000,1.000000,0.998850,0.997700,9564
1.166000,0.951057,0.973014,0.946029,9153
1.167000,0.809017,0.899733,0.799465,9724
1.168000,0.587785,0.777454,0.554908,6866
1.169000,0.309017,0.644004,0.288008,9531
1.170000,0.000000,0.477218,-0.045564,10425
1.171000,-0.309017,0.314801,-0.370398,28491
1.172000,-0.587785,0.189512,-0.620976,10469
1.173000,-0.809017,0.088011,-0.823978,8783
1.174000,-0.951057,0.023901,-0.952199,12008
1.175000,-1.000000,0.000000,-1.000000,11849
1.176000,-0.951057,0.020605,-0.958790,12036
1.177000,-0.809017,0.080095,-0.839810,11761
1.178000,-0.587785,0.183042,-0.633916,11735
1.179000,-0.309017,0.309089,-0.381821,11508
1.180000,-0.000000,0.462968,-0.074064,11139
1.181000,0.309017,0.612055,0.224110,10651
1.182000,0.587785,0.768899,0.537798,10437
1.183000,0.809017,0.883820,0.767640,9864
1.184000,0.951057,0.969383,0.938765,12052
1.185000,1.000000,0.998739,0.997478,9516
1.186000,0.951057,0.975000,0.950000,10600
1.187000,0.809017,0.897126,0.794253,10440
1.188000,0.587785,0.776907,0.553813,14030
1.189000,0.309017,0.633749,0.267498,10987
1.190000,0.000000,0.467108,-0.065785,11188
1.191000,-0.309017,0.316487,-0.367026,11397
1.192000,-0.587785,0.193297,-0.613405,11697
1.193000,-0.809017,0.085856,-0.828287,11857
1.194000,-0.951057,0.020669,-0.958662,11418
1.195000,-1.000000,0.000835,-0.998331,11983
1.196000,-0.951057,0.021923,-0.956154,11951
1.197000,-0.809017,0.081863,-0.836273,11849
1.198000,-0.587785,0.184229,-0.631543,11616
1.199000,-0.309017,0.316022,-0.367957,12015
1.200000,-0.000000,0.458361,-0.083277,10387
1.201000,0.309017,0.616907,0.233814,10410
1.202000,0.587785,0.768888,0.537775,9636
1.203000,0.809017,0.900947,0.801893,7077
1.204000,0.951057,0.967340,0.934680,9706
1.205000,1.000000,0.998656,0.997313,10419
1.206000,0.951057,0.974401,0.948802,10391
1.207000,0.809017,0.897774,0.795549,10604
1.208000,0.587785,0.772715,0.545429,10775
1.209000,0.309017,0.638539,0.277078,11744
1.210000,0.000000,0.465782,-0.068437,11222
1.211000,-0.309017,0.325504,-0.348992,11453
1.212000,-0.587785,0.193941,-0.612117,11653
1.213000,-0.809017,0.084789,-0.830421,13622
1.214000,-0.951057,0.021852,-0.956296,11944
1.215000,-1.000000,0.000000,-1.000000,12023
1.216000,-0.951057,0.021259,-0.957483,11854
1.217000,-0.809017,0.086662,-0.826676,11366
1.218000,-0.587785,0.181059,-0.637882,11615
1.219000,-0.309017,0.322497,-0.355006,13135
1.220000,-0.000000,0.442568,-0.114863,7522
1.221000,0.309017,0.612010,0.224020,10508
1.222000,0.587785,0.770476,0.540951,10134
1.223000,0.809017,0.892139,0.784279,10597
1.224000,0.951057,0.964624,0.929248,10346
1.225000,1.000000,0.998773,0.997546,10593
1.226000,0.951057,0.974470,0.948939,10419
1.227000,0.809017,0.897532,0.795065,10618
1.228000,0.587785,0.772651,0.545303,10794
1.229000,0.309017,0.631381,0.262762,10911
1.230000,0.000000,0.480815,-0.038369,11233
1.231000,-0.309017,0.317633,-0.364735,11507
1.232000,-0.587785,0.181252,-0.637496,11724
1.233000,-0.809017,0.090258,-0.819483,11877
1.234000,-0.951057,0.021893,-0.956213,11556
1.235000,-1.000000,0.000000,-1.000000,8653
1.236000,-0.951057,0.023176,-0.953649,8414
1.237000,-0.809017,0.084808,-0.830383,9492
1.238000,-0.587785,0.178258,-0.643485,9677
1.239000,-0.309017,0.306722,-0.386557,8004
1.240000,-0.000000,0.465545,-0.068909,11000
1.241000,0.309017,0.605984,0.211967,11799
1.242000,0.587785,0.763847,0.527693,10815
1.243000,0.809017,0.886736,0.773471,10630
1.244000,0.951057,0.968138,0.936276,10420
1.245000,1.000000,0.998765,0.997529,10523
1.246000,0.951057,0.974288,0.948576,10501
1.247000,0.809017,0.894355,0.788710,10611
1.248000,0.587785,0.775137,0.550275,10731
1.249000,0.309017,0.640193,0.280387,10967
1.250000,0.000000,0.464998,-0.070004,11228
1.251000,-0.309017,0.316092,-0.367815,11465
1.252000,-0.587785,0.193674,-0.612651,11256
1.253000,-0.809017,0.087682,-0.824637,9295
1.254000,-0.951057,0.023482,-0.953035,10263
1.255000,-1.000000,0.000297,-0.999407,10110
1.256000,-0.951057,0.021488,-0.957024,16893
1.257000,-0.809017,0.083848,-0.832303,6309
1.258000,-0.587785,0.174539,-0.650923,11327
1.259000,-0.309017,0.311585,-0.376829,11480
1.260000,-0.000000,0.465203,-0.069593,11208
1.261000,0.309017,0.620722,0.241444,10607
1.262000,0.587785,0.764107,0.528215,10420
1.263000,0.809017,0.888664,0.777328,9880
1.264000,0.951057,0.966425,0.932849,9501
1.265000,1.000000,0.997406,0.994811,10022
1.266000,0.951057,0.973002,0.946003,11334
1.267000,0.809017,0.898577,0.797155,21790
1.268000,0.587785,0.777487,0.554974,27877
1.269000,0.309017,0.632664,0.265327,9558
1.270000,0.000000,0.479670,-0.040659,9100
1.271000,-0.309017,0.327341,-0.345317,10347
1.272000,-0.587785,0.187937,-0.624126,7577
1.273000,-0.809017,0.089703,-0.820595,10323
1.274000,-0.951057,0.023727,-0.952547,12349
1.275000,-1.000000,0.000950,-0.998101,10531
1.276000,-0.951057,0.020497,-0.959005,11221
1.277000,-0.809017,0.080820,-0.838360,11804
1.278000,-0.587785,0.184796,-0.630407,11142
1.279000,-0.309017,0.310333,-0.379335,11217
1.280000,-0.000000,0.466015,-0.067970,11049
1.281000,0.309017,0.613561,0.227121,10796
1.282000,0.587785,0.764445,0.528890,10817
1.283000,0.809017,0.889985,0.779969,9735
1.284000,0.951057,0.965124,0.930248,10523
1.285000,1.000000,0.998675,0.997350,9811
1.286000,0.951057,0.973224,0.946448,10121
1.287000,0.809017,0.896162,0.792325,10006
1.288000,0.587785,0.781548,0.563097,10579
1.289000,0.309017,0.636996,0.273991,10931
1.290000,0.000000,0.474780,-0.050439,10706
1.291000,-0.309017,0.310092,-0.379816,10771
1.292000,-0.587785,0.190821,-0.618357,10350
1.293000,-0.809017,0.087770,-0.824461,10801
1.294000,-0.951057,0.021665,-0.956671,11678
1.295000,-1.000000,0.000000,-1.000000,11523
1.296000,-0.951057,0.021629,-0.956743,11420
1.297000,-0.809017,0.083407,-0.833185,11270
1.298000,-0.587785,0.171086,-0.657828,9843
1.299000,-0.309017,0.313893,-0.372213,10854
1.300000,-0.000000,0.452652,-0.094697,10465
1.301000,0.309017,0.625098,0.250197,16511
1.302000,0.587785,0.765122,0.530244,10746
1.303000,0.809017,0.885776,0.771552,10637
1.304000,0.951057,0.969038,0.938077,10400
1.305000,1.000000,0.997424,0.994847,10480
1.306000,0.951057,0.973228,0.946456,10496
1.307000,0.809017,0.898294,0.796588,10550
1.308000,0.587785,0.777943,0.555886,10763
1.309000,0.309017,0.624340,0.248680,10986
1.310000,0.000000,0.479961,-0.040079,11203
1.311000,-0.309017,0.322487,-0.355025,11402
1.312000,-0.587785,0.180349,-0.639302,11694
1.313000,-0.809017,0.088747,-0.822506,11730
1.314000,-0.951057,0.024825,-0.950350,12004
1.315000,-1.000000,0.000000,-1.000000,11903
1.316000,-0.951057,0.020650,-0.958699,11961
1.317000,-0.809017,0.082431,-0.835138,11913
1.318000,-0.587785,0.183817,-0.632366,11642
1.319000,-0.309017,0.307796,-0.384408,11134
1.320000,-0.000000,0.462516,-0.074969,11258
1.321000,0.309017,0.616023,0.232046,10847
1.322000,0.587785,0.760762,0.521524,10709
1.323000,0.809017,0.889723,0.779446,10655
1.324000,0.951057,0.965117,0.930235,10521
1.325000,1.000000,0.998664,0.997328,10478
1.326000,0.951057,0.974457,0.948914,10453
1.327000,0.809017,0.894103,0.788206,10463
1.328000,0.587785,0.774786,0.549571,10732
1.329000,0.309017,0.641030,0.282061,10831
1.330000,0.000000,0.464492,-0.071016,11251
1.331000,-0.309017,0.316403,-0.367194,11498
1.332000,-0.587785,0.193741,-0.612517,11696
1.333000,-0.809017,0.086060,-0.827881,11829
1.334000,-0.951057,0.020741,-0.958517,12005
1.335000,-1.000000,0.000996,-0.998007,12044
1.336000,-0.951057,0.021505,-0.956989,11997
1.337000,-0.809017,0.077719,-0.844563,12571
1.338000,-0.587785,0.182373,-0.635255,11641
1.339000,-0.309017,0.309808,-0.380385,11491
1.340000,-0.000000,0.464419,-0.071161,11214
1.341000,0.309017,0.609999,0.219998,11041
1.342000,0.587785,0.770265,0.540531,10782
1.343000,0.809017,0.884137,0.768274,10616
1.344000,0.951057,0.968478,0.936957,10469
1.345000,1.000000,0.998089,0.996179,10468
1.346000,0.951057,0.972952,0.945905,10500
1.347000,0.809017,0.898905,0.797810,10594
1.348000,0.587785,0.777249,0.554498,10716
1.349000,0.309017,0.624157,0.248314,10970
1.350000,0.000000,0.465180,-0.069640,10583
1.351000,-0.309017,0.329019,-0.341963,11279
1.352000,-0.587785,0.189334,-0.621331,11720
1.353000,-0.809017,0.085953,-0.828093,11355
1.354000,-0.951057,0.024929,-0.950142,11232
1.355000,-1.000000,0.000463,-0.999073,10790
1.356000,-0.951057,0.022091,-0.955818,11362
1.357000,-0.809017,0.082015,-0.835970,11693
1.358000,-0.587785,0.186965,-0.626070,14714
1.359000,-0.309017,0.315874,-0.368253,10634
1.360000,-0.000000,0.451775,-0.096451,10368
1.361000,0.309017,0.624367,0.248735,10079
1.362000,0.587785,0.765528,0.531056,10449
1.363000,0.809017,0.881367,0.762734,10621
1.364000,0.951057,0.964528,0.929057,10008
1.365000,1.000000,0.998706,0.997413,10050
1.366000,0.951057,0.973194,0.946388,10632
1.367000,0.809017,0.899152,0.798303,10610
1.368000,0.587785,0.777840,0.555679,10776
1.369000,0.309017,0.629928,0.259857,10906
1.370000,0.000000,0.478195,-0.043610,11213
1.371000,-0.309017,0.327460,-0.345080,11464
1.372000,-0.587785,0.179347,-0.641306,11698
1.373000,-0.809017,0.089494,-0.821013,11945
1.374000,-0.951057,0.024793,-0.950413,11979
1.375000,-1.000000,0.000000,-1.000000,12022
1.376000,-0.951057,0.021071,-0.957858,11912
1.377000,-0.809017,0.083172,-0.833656,11879
1.378000,-0.587785,0.185828,-0.628344,11699
1.379000,-0.309017,0.307518,-0.384963,11505
1.380000,-0.000000,0.466232,-0.067535,11209
1.381000,0.309017,0.609761,0.219521,11024
1.382000,0.587785,0.767262,0.534524,9964
1.383000,0.809017,0.887018,0.774036,10453
1.384000,0.951057,0.968152,0.936305,10456
1.385000,1.000000,0.998760,0.997521,10486
1.386000,0.951057,0.974020,0.948040,10508
1.387000,0.809017,0.893370,0.786740,10588
1.388000,0.587785,0.772487,0.544975,10795
1.389000,0.309017,0.639567,0.279133,10984
1.390000,0.000000,0.463673,-0.072655,11245
1.391000,-0.309017,0.316620,-0.366760,11468
1.392000,-0.587785,0.193689,-0.612622,11694
1.393000,-0.809017,0.085601,-0.828798,11869
1.394000,-0.951057,0.020773,-0.958455,11987
1.395000,-1.000000,0.001001,-0.997998,11991
1.396000,-0.951057,0.021946,-0.956108,11984
1.397000,-0.809017,0.081739,-0.836521,11867
1.398000,-0.587785,0.183868,-0.632265,11666
1.399000,-0.309017,0.311303,-0.377395,11484
1.400000,-0.000000,0.460936,-0.078128,11238
1.401000,0.309017,0.615231,0.230462,11004
1.402000,0.587785,0.759457,0.518914,10759
1.403000,0.809017,0.889506,0.779013,10616
1.404000,0.951057,0.967929,0.935858,10508
1.405000,1.000000,0.998662,0.997324,10462
1.406000,0.951057,0.974033,0.948067,10475
1.407000,0.809017,0.894181,0.788362,10603
1.408000,0.587785,0.778759,0.557517,10762
1.409000,0.309017,0.634418,0.268837,10936
1.410000,0.000000,0.465377,-0.069245,11221
1.411000,-0.309017,0.320985,-0.358029,11446
1.412000,-0.587785,0.194211,-0.611579,11642
1.413000,-0.809017,0.085794,-0.828411,11784
1.414000,-0.951057,0.021548,-0.956905,11927
1.415000,-1.000000,0.001002,-0.997995,11972
1.416000,-0.951057,0.021121,-0.957757,11931
1.417000,-0.809017,0.083531,-0.832938,11792
1.418000,-0.587785,0.188272,-0.623457,11664
1.419000,-0.309017,0.305468,-0.389064,11448
1.420000,-0.000000,0.467909,-0.064183,11218
1.421000,0.309017,0.612133,0.224265,11094
1.422000,0.587785,0.759655,0.519311,10797
1.423000,0.809017,0.889883,0.779766,10616
1.424000,0.951057,0.967757,0.935515,10483
1.425000,1.000000,0.998759,0.997518,10476
1.426000,0.951057,0.974305,0.948611,10508
1.427000,0.809017,0.893954,0.787907,10618
1.428000,0.587785,0.776350,0.552700,10740
1.429000,0.309017,0.635851,0.271702,10990
1.430000,0.000000,0.464327,-0.071346,11199
1.431000,-0.309017,0.319227,-0.361546,11484
1.432000,-0.587785,0.199046,-0.601908,12580
1.433000,-0.809017,0.084982,-0.830037,11932
1.434000,-0.951057,0.020899,-0.958201,12010
1.435000,-1.000000,0.001001,-0.997999,11993
1.436000,-0.951057,0.021656,-0.956688,12006
1.437000,-0.809017,0.081862,-0.836275,11898
1.438000,-0.587785,0.182632,-0.634735,11723
1.439000,-0.309017,0.308921,-0.382158,11456
1.440000,-0.000000,0.463677,-0.072647,11260
1.441000,0.309017,0.618429,0.236859,11015
1.442000,0.587785,0.761922,0.523845,10799
1.443000,0.809017,0.886465,0.772929,10587
1.444000,0.951057,0.967957,0.935913,10517
1.445000,1.000000,0.998662,0.997325,10466
1.446000,0.951057,0.974084,0.948169,10457
1.447000,0.809017,0.894176,0.788353,10612
1.448000,0.587785,0.782467,0.564934,10757
1.449000,0.309017,0.629748,0.259495,10979
1.450000,0.000000,0.467342,-0.065317,11161
1.451000,-0.309017,0.324456,-0.351088,11490
1.452000,-0.587785,0.187228,-0.625543,11275
1.453000,-0.809017,0.090995,-0.818010,11616
1.454000,-0.951057,0.025013,-0.949974,11354
1.455000,-1.000000,0.000758,-0.998484,13192
1.456000,-0.951057,0.021206,-0.957587,10893
1.457000,-0.809017,0.080600,-0.838801,11675
1.458000,-0.587785,0.184139,-0.631721,11475
1.459000,-0.309017,0.299893,-0.400215,10237
1.460000,-0.000000,0.467280,-0.065439,9887
1.461000,0.309017,0.616005,0.232010,10784
1.462000,0.587785,0.772423,0.544845,10146
1.463000,0.809017,0.882000,0.763999,9822
1.464000,0.951057,0.967545,0.935090,10322
1.465000,1.000000,0.999517,0.999034,28974
1.466000,0.951057,0.974398,0.948796,10507
1.467000,0.809017,0.897728,0.795457,10609
1.468000,0.587785,0.773440,0.546879,10783
1.469000,0.309017,0.639479,0.278958,10446
1.470000,0.000000,0.466637,-0.066726,11225
1.471000,-0.309017,0.313446,-0.373108,11431
1.472000,-0.587785,0.194113,-0.611774,11653
1.473000,-0.809017,0.086397,-0.827207,11806
1.474000,-0.951057,0.021081,-0.957838,11954
1.475000,-1.000000,0.000930,-0.998141,11833
1.476000,-0.951057,0.021943,-0.956114,11940
1.477000,-0.809017,0.083411,-0.833178,11821
1.478000,-0.587785,0.181725,-0.636550,11710
1.479000,-0.309017,0.319847,-0.360307,11468
1.480000,-0.000000,0.452601,-0.094799,11266
1.481000,0.309017,0.623269,0.246538,10976
1.482000,0.587785,0.760078,0.520155,10816
1.483000,0.809017,0.886543,0.773085,10418
1.484000,0.951057,0.968385,0.936770,10533
1.485000,1.000000,0.998667,0.997333,10500
1.486000,0.951057,0.974741,0.949482,10531
1.487000,0.809017,0.893775,0.787551,10619
1.488000,0.587785,0.780472,0.560944,10682
1.489000,0.309017,0.630188,0.260376,11011
1.490000,0.000000,0.464210,-0.071581,11260
1.491000,-0.309017,0.326371,-0.347258,11490
1.492000,-0.587785,0.188885,-0.622230,11642
1.493000,-0.809017,0.081276,-0.837448,11910
1.494000,-0.951057,0.024683,-0.950634,11992
1.495000,-1.000000,0.000000,-1.000000,11977
1.496000,-0.951057,0.020707,-0.958585,11735
1.497000,-0.809017,0.082306,-0.835389,11919
1.498000,-0.587785,0.187682,-0.624637,11706
1.499000,-0.309017,0.306450,-0.387100,11457
1.500000,-0.000000,0.465915,-0.068170,11266
1.501000,0.309017,0.617487,0.234974,11014
1.502000,0.587785,0.762753,0.525505,10782
1.503000,0.809017,0.885828,0.771655,10598
1.504000,0.951057,0.967745,0.935490,10510
1.505000,1.000000,0.998758,0.997517,10470
1.506000,0.951057,0.974207,0.948414,10468
1.507000,0.809017,0.894598,0.789196,10607
1.508000,0.587785,0.783086,0.566171,10760
1.509000,0.309017,0.630783,0.261566,10980
1.510000,0.000000,0.466422,-0.067156,11183
1.511000,-0.309017,0.325304,-0.349391,11417
1.512000,-0.587785,0.187511,-0.624978,11418
1.513000,-0.809017,0.083298,-0.833404,11861
1.514000,-0.951057,0.023048,-0.953903,11888
1.515000,-1.000000,0.001001,-0.997998,11987
1.516000,-0.951057,0.021496,-0.957007,11909
1.517000,-0.809017,0.082378,-0.835244,11775
1.518000,-0.587785,0.188171,-0.623659,11649
1.519000,-0.309017,0.305887,-0.388225,11465
1.520000,-0.000000,0.468530,-0.062941,11201
1.521000,0.309017,0.610889,0.221777,10984
1.522000,0.587785,0.768646,0.537291,10780
1.523000,0.809017,0.881638,0.763277,10620
1.524000,0.951057,0.968224,0.936448,10511
1.525000,1.000000,0.998659,0.997318,10441
1.526000,0.951057,0.974286,0.948571,10500
1.527000,0.809017,0.903778,0.807556,11328
1.528000,0.587785,0.778294,0.556587,10771
1.529000,0.309017,0.625510,0.251019,11039
1.530000,0.000000,0.467949,-0.064103,11232
1.531000,-0.309017,0.327604,-0.344791,11462
1.532000,-0.587785,0.188734,-0.622531,11646
1.533000,-0.809017,0.081566,-0.836869,11880
1.534000,-0.951057,0.024898,-0.950205,11969
1.535000,-1.000000,0.000000,-1.000000,12021
1.536000,-0.951057,0.020854,-0.958291,11940
1.537000,-0.809017,0.082730,-0.834540,11882
1.538000,-0.587785,0.182788,-0.634423,11713
1.539000,-0.309017,0.310930,-0.378141,11382
1.540000,-0.000000,0.466530,-0.066940,11204
1.541000,0.309017,0.610220,0.220440,11037
1.542000,0.587785,0.769302,0.538604,10789
1.543000,0.809017,0.884823,0.769645,10575
1.544000,0.951057,0.968075,0.936150,10556
1.545000,1.000000,0.998721,0.997442,10165
1.546000,0.951057,0.973717,0.947434,10425
1.547000,0.809017,0.894806,0.789613,12111
1.548000,0.587785,0.776523,0.553045,17174
1.549000,0.309017,0.631347,0.262693,9513
1.550000,0.000000,0.476244,-0.047512,9829
1.551000,-0.309017,0.318328,-0.363345,57312
1.552000,-0.587785,0.191314,-0.617373,11259
1.553000,-0.809017,0.088148,-0.823704,11787
1.554000,-0.951057,0.024670,-0.950660,11512
1.555000,-1.000000,0.000925,-0.998150,11890
1.556000,-0.951057,0.021038,-0.957923,11883
1.557000,-0.809017,0.082411,-0.835179,11831
1.558000,-0.587785,0.188052,-0.623896,11667
1.559000,-0.309017,0.311787,-0.376425,11139
1.560000,-0.000000,0.467522,-0.064956,11223
1.561000,0.309017,0.612328,0.224657,10999
1.562000,0.587785,0.769695,0.539389,10777
1.563000,0.809017,0.879262,0.758525,10411
1.564000,0.951057,0.968062,0.936124,10489
1.565000,1.000000,0.998700,0.997400,10000
1.566000,0.951057,0.973726,0.947453,10581
1.567000,0.809017,0.898827,0.797653,10398
1.568000,0.587785,0.779613,0.559225,10840
1.569000,0.309017,0.624602,0.249204,10991
1.570000,0.000000,0.471730,-0.056540,11178
1.571000,-0.309017,0.327830,-0.344340,11448
1.572000,-0.587785,0.185598,-0.628804,11665
1.573000,-0.809017,0.084391,-0.831217,11814
1.574000,-0.951057,0.024952,-0.950097,11903
1.575000,-1.000000,0.000000,-1.000000,11992
1.576000,-0.951057,0.020922,-0.958155,11949
1.577000,-0.809017,0.082883,-0.834234,11848
1.578000,-0.587785,0.180930,-0.638141,11662
1.579000,-0.309017,0.313316,-0.373368,11490
1.580000,-0.000000,0.465588,-0.068824,11246
1.581000,0.309017,0.611625,0.223250,11028
1.582000,0.587785,0.768455,0.536910,10810
1.583000,0.809017,0.884489,0.768978,10631
1.584000,0.951057,0.969193,0.938385,10517
1.585000,1.000000,0.997511,0.995023,10448
1.586000,0.951057,0.973076,0.946152,10511
1.587000,0.809017,0.898680,0.797361,10610
1.588000,0.587785,0.777654,0.555308,10776
1.589000,0.309017,0.621441,0.242882,10923
1.590000,0.000000,0.474231,-0.051537,11254
1.591000,-0.309017,0.327206,-0.345588,11479
1.592000,-0.587785,0.180584,-0.638832,11712
1.593000,-0.809017,0.088608,-0.822785,11850
1.594000,-0.951057,0.021736,-0.956529,12008
1.595000,-1.000000,0.000000,-1.000000,12041
1.596000,-0.951057,0.020802,-0.958396,11922
1.597000,-0.809017,0.086020,-0.827961,11695
1.598000,-0.587785,0.178544,-0.642912,11633
1.599000,-0.309017,0.314410,-0.371180,11485
1.600000,-0.000000,0.458185,-0.083631,11216
1.601000,0.309017,0.614597,0.229193,11030
1.602000,0.587785,0.766030,0.532060,10839
1.603000,0.809017,0.884963,0.769927,10614
1.604000,0.951057,0.969289,0.938579,10485
1.605000,1.000000,0.997327,0.994653,10474
1.606000,0.951057,0.973167,0.946333,10472
1.607000,0.809017,0.898733,0.797466,10576
1.608000,0.587785,0.778231,0.556463,10777
1.609000,0.309017,0.624022,0.248044,10990
1.610000,0.000000,0.473543,-0.052913,11207
1.611000,-0.309017,0.328689,-0.342622,11412
1.612000,-0.587785,0.184335,-0.631331,11669
1.613000,-0.809017,0.085166,-0.829668,11824
1.614000,-0.951057,0.024885,-0.950230,11935
1.615000,-1.000000,0.000000,-1.000000,11918
1.616000,-0.951057,0.020952,-0.958096,11932
1.617000,-0.809017,0.085806,-0.828388,11829
1.618000,-0.587785,0.183921,-0.632158,11369
1.619000,-0.309017,0.313961,-0.372079,11425
1.620000,-0.000000,0.458619,-0.082763,11249
1.621000,0.309017,0.619971,0.239942,10986
1.622000,0.587785,0.746981,0.493961,11592
1.623000,0.809017,0.890411,0.780822,10658
1.624000,0.951057,0.964017,0.928034,10505
1.625000,1.000000,0.998759,0.997517,10473
1.626000,0.951057,0.974325,0.948649,10477
1.627000,0.809017,0.893735,0.787471,10615
1.628000,0.587785,0.775478,0.550956,10774
1.629000,0.309017,0.637011,0.274023,10948
1.630000,0.000000,0.465214,-0.069573,11240
1.631000,-0.309017,0.317005,-0.365990,11473
1.632000,-0.587785,0.194190,-0.611621,11669
1.633000,-0.809017,0.086118,-0.827764,11821
1.634000,-0.951057,0.020971,-0.958058,11969
1.635000,-1.000000,0.000999,-0.998003,12017
1.636000,-0.951057,0.021795,-0.956410,12021
1.637000,-0.809017,0.084740,-0.830521,11258
1.638000,-0.587785,0.183668,-0.632664,11352
1.639000,-0.309017,0.315470,-0.369061,13491
1.640000,-0.000000,0.460484,-0.079032,10211
1.641000,0.309017,0.610496,0.220992,10023
1.642000,0.587785,0.769801,0.539601,9987
1.643000,0.809017,0.885742,0.771484,9286
1.644000,0.951057,0.965934,0.931868,9511
1.645000,1.000000,0.997831,0.995662,10144
1.646000,0.951057,0.973702,0.947404,10229
1.647000,0.809017,0.900318,0.800635,9761
1.648000,0.587785,0.777053,0.554106,10119
1.649000,0.309017,0.634284,0.268567,10664
1.650000,0.000000,0.472926,-0.054148,11173
1.651000,-0.309017,0.321252,-0.357496,11119
1.652000,-0.587785,0.191834,-0.616331,11781
1.653000,-0.809017,0.090219,-0.819562,11860
1.654000,-0.951057,0.021946,-0.956108,11984
1.655000,-1.000000,0.000000,-1.000000,11918
1.656000,-0.951057,0.021869,-0.956261,11843
1.657000,-0.809017,0.081794,-0.836411,11859
1.658000,-0.587785,0.183509,-0.632982,11667
1.659000,-0.309017,0.312637,-0.374726,11387
1.660000,-0.000000,0.458385,-0.083230,11318
1.661000,0.309017,0.623262,0.246524,11005
1.662000,0.587785,0.759848,0.519696,10789
1.663000,0.809017,0.885704,0.771407,10639
1.664000,0.951057,0.969237,0.938473,10402
1.665000,1.000000,0.997528,0.995056,10518
1.666000,0.951057,0.972852,0.945703,10461
1.667000,0.809017,0.897519,0.795038,10480
1.668000,0.587785,0.779915,0.559829,10764
1.669000,0.309017,0.623380,0.246760,10958
1.670000,0.000000,0.469775,-0.060449,11216
1.671000,-0.309017,0.328002,-0.343996,11442
1.672000,-0.587785,0.188449,-0.623101,11653
1.673000,-0.809017,0.082479,-0.835043,11797
1.674000,-0.951057,0.024711,-0.950578,11938
1.675000,-1.000000,0.000000,-1.000000,11973
1.676000,-0.951057,0.020872,-0.958256,11930
1.677000,-0.809017,0.083376,-0.833249,11802
1.678000,-0.587785,0.183990,-0.632021,11680
1.679000,-0.309017,0.309654,-0.380691,11487
1.680000,-0.000000,0.463619,-0.072763,11242
1.681000,0.309017,0.612663,0.225327,11024
1.682000,0.587785,0.768617,0.537235,10783
1.683000,0.809017,0.881190,0.762380,10622
1.684000,0.951057,0.967573,0.935145,10485
1.685000,1.000000,0.998759,0.997518,10477
1.686000,0.951057,0.974205,0.948410,10506
1.687000,0.809017,0.894553,0.789107,10612
1.688000,0.587785,0.781308,0.562616,10764
1.689000,0.309017,0.627189,0.254377,10909
1.690000,0.000000,0.471214,-0.057573,11099
1.691000,-0.309017,0.325807,-0.348385,11427
1.692000,-0.587785,0.192773,-0.614454,11568
1.693000,-0.809017,0.082432,-0.835135,11840
1.694000,-0.951057,0.023357,-0.953285,11902
1.695000,-1.000000,0.000000,-1.000000,11947
1.696000,-0.951057,0.020887,-0.958225,11969
1.697000,-0.809017,0.082196,-0.835607,11728
1.698000,-0.587785,0.187757,-0.624486,11664
1.699000,-0.309017,0.302074,-0.395852,11378
1.700000,-0.000000,0.467373,-0.065254,10191
1.701000,0.309017,0.613833,0.227665,10656
1.702000,0.587785,0.755444,0.510887,10333
1.703000,0.809017,0.885266,0.770533,10459
1.704000,0.951057,0.968215,0.936430,10225
1.705000,1.000000,0.998764,0.997527,10514
1.706000,0.951057,0.974312,0.948625,10433
1.707000,0.809017,0.897605,0.795210,10606
1.708000,0.587785,0.772340,0.544679,10788
1.709000,0.309017,0.639603,0.279205,10974
1.710000,0.000000,0.460787,-0.078426,11157
1.711000,-0.309017,0.314111,-0.371777,11480
1.712000,-0.587785,0.193930,-0.612140,11664
1.713000,-0.809017,0.086050,-0.827901,11842
1.714000,-0.951057,0.021206,-0.957588,11742
1.715000,-1.000000,0.000917,-0.998166,11994
1.716000,-0.951057,0.021792,-0.956416,11931
1.717000,-0.809017,0.078593,-0.842815,12533
1.718000,-0.587785,0.187719,-0.624562,11693
1.719000,-0.309017,0.306089,-0.387823,11464
1.720000,-0.000000,0.468034,-0.063932,11215
1.721000,0.309017,0.609160,0.218319,10961
1.722000,0.587785,0.770294,0.540588,10779
1.723000,0.809017,0.879198,0.758397,10629
1.724000,0.951057,0.967846,0.935693,10512
1.725000,1.000000,0.998657,0.997315,10427
1.726000,0.951057,0.974072,0.948144,10452
1.727000,0.809017,0.894692,0.789385,10664
1.728000,0.587785,0.777054,0.554108,10747
1.729000,0.309017,0.636405,0.272810,10971
1.730000,0.000000,0.464951,-0.070099,11227
1.731000,-0.309017,0.320028,-0.359944,11449
1.732000,-0.587785,0.194765,-0.610470,11614
1.733000,-0.809017,0.085859,-0.828282,11845
1.734000,-0.951057,0.020863,-0.958274,11935
1.735000,-1.000000,0.001001,-0.997997,11984
1.736000,-0.951057,0.022075,-0.955850,11914
1.737000,-0.809017,0.084816,-0.830368,11354
1.738000,-0.587785,0.180813,-0.638373,11581
1.739000,-0.309017,0.310155,-0.379689,10743
1.740000,-0.000000,0.465479,-0.069042,10834
1.741000,0.309017,0.605932,0.211864,9879
1.742000,0.587785,0.767107,0.534214,10142
1.743000,0.809017,0.879678,0.759357,9699
1.744000,0.951057,0.968512,0.937024,9591
1.745000,1.000000,0.997864,0.995729,9365
1.746000,0.951057,0.972313,0.944626,9174
1.747000,0.809017,0.901494,0.802988,9705
1.748000,0.587785,0.781073,0.562146,10757
1.749000,0.309017,0.626562,0.253124,10805
1.750000,0.000000,0.465255,-0.069490,11052
1.751000,-0.309017,0.326217,-0.347566,11523
1.752000,-0.587785,0.187420,-0.625160,11701
1.753000,-0.809017,0.081417,-0.837166,11914
1.754000,-0.951057,0.024924,-0.950151,11916
1.755000,-1.000000,0.000000,-1.000000,12043
1.756000,-0.951057,0.021105,-0.957791,11751
1.757000,-0.809017,0.083648,-0.832704,12182
1.758000,-0.587785,0.182995,-0.634010,11973
1.759000,-0.309017,0.307437,-0.385127,11430
1.760000,-0.000000,0.464455,-0.071089,11155
1.761000,0.309017,0.607972,0.215943,10989
1.762000,0.587785,0.767593,0.535186,10757
1.763000,0.809017,0.883848,0.767697,10581
1.764000,0.951057,0.968106,0.936213,10535
1.765000,1.000000,0.998664,0.997328,10478
1.766000,0.951057,0.974210,0.948420,10508
1.767000,0.809017,0.898319,0.796639,10592
1.768000,0.587785,0.772795,0.545590,10770
1.769000,0.309017,0.634973,0.269945,10980
1.770000,0.000000,0.478172,-0.043657,11201
1.771000,-0.309017,0.311431,-0.377138,11460
1.772000,-0.587785,0.192818,-0.614364,11612
1.773000,-0.809017,0.090211,-0.819578,11850
1.774000,-0.951057,0.021533,-0.956933,11935
1.775000,-1.000000,0.000000,-1.000000,11967
1.776000,-0.951057,0.021935,-0.956131,11899
1.777000,-0.809017,0.082770,-0.834461,11828
1.778000,-0.587785,0.183097,-0.633805,11655
1.779000,-0.309017,0.318015,-0.363969,10924
1.780000,-0.000000,0.452538,-0.094924,11230
1.781000,0.309017,0.626753,0.253506,10982
1.782000,0.587785,0.760330,0.520660,10794
1.783000,0.809017,0.888521,0.777043,10585
1.784000,0.951057,0.965655,0.931310,10511
1.785000,1.000000,0.998759,0.997518,10476
1.786000,0.951057,0.974471,0.948943,10498
1.787000,0.809017,0.897540,0.795080,10570
1.788000,0.587785,0.772647,0.545294,10785
1.789000,0.309017,0.634430,0.268860,11002
1.790000,0.000000,0.480160,-0.039680,11240
1.791000,-0.309017,0.310411,-0.379178,11459
1.792000,-0.587785,0.186693,-0.626614,11693
1.793000,-0.809017,0.090671,-0.818658,11845
1.794000,-0.951057,0.022103,-0.955794,11944
1.795000,-1.000000,0.000000,-1.000000,12012
1.796000,-0.951057,0.020952,-0.958097,11980
1.797000,-0.809017,0.082541,-0.834918,11885
1.798000,-0.587785,0.181694,-0.636613,11668
1.799000,-0.309017,0.320136,-0.359729,11492
1.800000,-0.000000,0.451046,-0.097907,11276
1.801000,0.309017,0.625057,0.250114,11007
1.802000,0.587785,0.758832,0.517663,10785
1.803000,0.809017,0.888805,0.777611,10630
1.804000,0.951057,0.964832,0.929664,10521
1.805000,1.000000,0.998659,0.997318,10441
1.806000,0.951057,0.974308,0.948615,10509
1.807000,0.809017,0.898334,0.796667,10682
1.808000,0.587785,0.773084,0.546167,10841
1.809000,0.309017,0.622621,0.245242,10981
1.810000,0.000000,0.478195,-0.043610,11236
1.811000,-0.309017,0.319429,-0.361143,11483
1.812000,-0.587785,0.180142,-0.639717,11713
1.813000,-0.809017,0.093342,-0.813316,12481
1.814000,-0.951057,0.021784,-0.956431,12027
1.815000,-1.000000,0.000000,-1.000000,12036
1.816000,-0.951057,0.021016,-0.957967,11943
1.817000,-0.809017,0.085664,-0.828673,11872
1.818000,-0.587785,0.178937,-0.642125,11708
1.819000,-0.309017,0.314565,-0.370871,11473
1.820000,-0.000000,0.460783,-0.078435,11194
1.821000,0.309017,0.613709,0.227417,11015
1.822000,0.587785,0.766435,0.532870,10785
1.823000,0.809017,0.884108,0.768217,10622
1.824000,0.951057,0.969265,0.938529,10444
1.825000,1.000000,0.997326,0.994652,10471
1.826000,0.951057,0.973022,0.946044,10490
1.827000,0.809017,0.898534,0.797069,10575
1.828000,0.587785,0.777819,0.555638,10766
1.829000,0.309017,0.624283,0.248566,10987
1.830000,0.000000,0.480343,-0.039314,11192
1.831000,-0.309017,0.317752,-0.364496,11424
1.832000,-0.587785,0.180647,-0.638706,11254
1.833000,-0.809017,0.087593,-0.824814,11679
1.834000,-0.951057,0.021414,-0.957172,11161
1.835000,-1.000000,0.000571,-0.998857,8751
1.836000,-0.951057,0.021928,-0.956144,11401
1.837000,-0.809017,0.079365,-0.841270,10647
1.838000,-0.587785,0.184942,-0.630117,11555
1.839000,-0.309017,0.315212,-0.369577,11294
1.840000,-0.000000,0.460747,-0.078505,10891
1.841000,0.309017,0.622558,0.245117,10905
1.842000,0.587785,0.746705,0.493409,9483
1.843000,0.809017,0.888606,0.777213,9435
1.844000,0.951057,0.964511,0.929021,10482
1.845000,1.000000,0.997383,0.994766,10318
1.846000,0.951057,0.974584,0.949167,10505
1.847000,0.809017,0.898086,0.796171,10656
1.848000,0.587785,0.772302,0.544604,10795
1.849000,0.309017,0.634751,0.269502,10935
1.850000,0.000000,0.475449,-0.049102,11242
1.851000,-0.309017,0.311370,-0.377260,11504
1.852000,-0.587785,0.191959,-0.616082,11690
1.853000,-0.809017,0.085753,-0.828494,11848
1.854000,-0.951057,0.020825,-0.958351,12005
1.855000,-1.000000,0.000914,-0.998172,12034
1.856000,-0.951057,0.021628,-0.956743,11975
1.857000,-0.809017,0.081451,-0.837098,11909
1.858000,-0.587785,0.181561,-0.636879,11649
1.859000,-0.309017,0.312143,-0.375715,11546
1.860000,-0.000000,0.453516,-0.092967,11219
1.861000,0.309017,0.614431,0.228863,10893
1.862000,0.587785,0.766404,0.532808,10912
1.863000,0.809017,0.885556,0.771112,10634
1.864000,0.951057,0.967899,0.935798,10467
1.865000,1.000000,0.998758,0.997517,10471
1.866000,0.951057,0.974200,0.948401,10504
1.867000,0.809017,0.893707,0.787415,10584
1.868000,0.587785,0.780323,0.560645,10784
1.869000,0.309017,0.632647,0.265295,10984
1.870000,0.000000,0.464514,-0.070971,11244
1.871000,-0.309017,0.319374,-0.361252,11438
1.872000,-0.587785,0.193866,-0.612268,11673
1.873000,-0.809017,0.083945,-0.832110,11853
1.874000,-0.951057,0.022604,-0.954793,11945
1.875000,-1.000000,0.000000,-1.000000,11953
1.876000,-0.951057,0.021077,-0.957845,11956
1.877000,-0.809017,0.082728,-0.834545,11834
1.878000,-0.587785,0.185325,-0.629350,11639
1.879000,-0.309017,0.306183,-0.387634,11467
1.880000,-0.000000,0.468081,-0.063837,11216
1.881000,0.309017,0.613419,0.226839,10999
1.882000,0.587785,0.767427,0.534853,10745
1.883000,0.809017,0.881905,0.763809,10627
1.884000,0.951057,0.967929,0.935858,10508
1.885000,1.000000,0.998758,0.997516,10468
1.886000,0.951057,0.974114,0.948228,10469
1.887000,0.809017,0.894137,0.788273,10608
1.888000,0.587785,0.782867,0.565734,10763
1.889000,0.309017,0.624896,0.249791,10781
1.890000,0.000000,0.464011,-0.071979,11170
1.891000,-0.309017,0.327454,-0.345093,11452
1.892000,-0.587785,0.188454,-0.623091,11658
1.893000,-0.809017,0.082367,-0.835266,11813
1.894000,-0.951057,0.024879,-0.950243,11938
1.895000,-1.000000,0.000000,-1.000000,11988
1.896000,-0.951057,0.020929,-0.958141,11945
1.897000,-0.809017,0.082617,-0.834766,11862
1.898000,-0.587785,0.187425,-0.625150,11642
1.899000,-0.309017,0.306165,-0.387670,11484
1.900000,-0.000000,0.466400,-0.067201,11235
1.901000,0.309017,0.608423,0.216846,10994
1.902000,0.587785,0.770748,0.541497,10796
1.903000,0.809017,0.878771,0.757542,10641
1.904000,0.951057,0.967850,0.935699,10482
1.905000,1.000000,0.998664,0.997328,10479
1.906000,0.951057,0.972981,0.945961,10511
1.907000,0.809017,0.895178,0.790356,10618
1.908000,0.587785,0.788599,0.577198,11613
1.909000,0.309017,0.625171,0.250342,10973
1.910000,0.000000,0.466643,-0.066714,11272
1.911000,-0.309017,0.324663,-0.350674,11495
1.912000,-0.587785,0.184330,-0.631340,11691
1.913000,-0.809017,0.082389,-0.835223,11907
1.914000,-0.951057,0.024256,-0.951488,11997
1.915000,-1.000000,0.000000,-1.000000,12007
1.916000,-0.951057,0.020917,-0.958167,12000
1.917000,-0.809017,0.082850,-0.834301,11889
1.918000,-0.587785,0.187741,-0.624518,11681
1.919000,-0.309017,0.301943,-0.396115,11479
1.920000,-0.000000,0.466584,-0.066833,11252
1.921000,0.309017,0.610360,0.220720,11023
1.922000,0.587785,0.769909,0.539818,10774
1.923000,0.809017,0.878645,0.757290,10597
1.924000,0.951057,0.968123,0.936245,10509
1.925000,1.000000,0.998662,0.997325,10467
1.926000,0.951057,0.972910,0.945820,10299
1.927000,0.809017,0.899142,0.798285,10728
1.928000,0.587785,0.775488,0.550977,10289
1.929000,0.309017,0.628988,0.257975,10846
1.930000,0.000000,0.471944,-0.056113,10372
1.931000,-0.309017,0.299897,-0.400207,967
1.932000,-0.587785,0.196685,-0.606630,10438
1.933000,-0.809017,0.088938,-0.822124,10839
1.934000,-0.951057,0.023224,-0.953552,11755
1.935000,-1.000000,0.000000,-1.000000,11288
1.936000,-0.951057,0.020247,-0.959507,10866
1.937000,-0.809017,0.084346,-0.831309,10125
1.938000,-0.587785,0.178174,-0.643652,10428
1.939000,-0.309017,0.323459,-0.353082,10431
1.940000,-0.000000,0.454033,-0.091934,10649
1.941000,0.309017,0.620479,0.240957,10782
1.942000,0.587785,0.760351,0.520702,10820
1.943000,0.809017,0.883121,0.766242,9882
1.944000,0.951057,0.966388,0.932776,10175
1.945000,1.000000,0.997527,0.995054,10514
1.946000,0.951057,0.972844,0.945688,10495
1.947000,0.809017,0.897518,0.795036,10597
1.948000,0.587785,0.778588,0.557176,10695
1.949000,0.309017,0.623725,0.247451,10984
1.950000,0.000000,0.474266,-0.051467,11211
1.951000,-0.309017,0.327948,-0.344105,11450
1.952000,-0.587785,0.180720,-0.638560,11670
1.953000,-0.809017,0.085020,-0.829960,11809
1.954000,-0.951057,0.023324,-0.953353,12005
1.955000,-1.000000,0.001003,-0.997995,11968
1.956000,-0.951057,0.021832,-0.956337,12001
1.957000,-0.809017,0.081889,-0.836223,11882
1.958000,-0.587785,0.183006,-0.633988,11710
1.959000,-0.309017,0.309140,-0.381720,11477
1.960000,-0.000000,0.458829,-0.082343,11270
1.961000,0.309017,0.617361,0.234723,11013
1.962000,0.587785,0.759071,0.518141,10804
1.963000,0.809017,0.889340,0.778680,10591
1.964000,0.951057,0.963906,0.927812,10528
1.965000,1.000000,0.998664,0.997327,10476
1.966000,0.951057,0.974028,0.948057,10473
1.967000,0.809017,0.893944,0.787887,10617
1.968000,0.587785,0.776036,0.552073,10783
1.969000,0.309017,0.635701,0.271403,10980
1.970000,0.000000,0.462437,-0.075127,11221
1.971000,-0.309017,0.318514,-0.362972,11494
1.972000,-0.587785,0.193824,-0.612351,11691
1.973000,-0.809017,0.085623,-0.828754,11866
1.974000,-0.951057,0.020405,-0.959191,11958
1.975000,-1.000000,0.000999,-0.998001,12009
1.976000,-0.951057,0.021961,-0.956079,11976
1.977000,-0.809017,0.078599,-0.842803,11845
1.978000,-0.587785,0.187709,-0.624583,11683
1.979000,-0.309017,0.306057,-0.387887,11475
1.980000,-0.000000,0.467700,-0.064599,11223
1.981000,0.309017,0.611106,0.222212,10949
1.982000,0.587785,0.767711,0.535423,10784
1.983000,0.809017,0.881638,0.763277,10620
1.984000,0.951057,0.967628,0.935257,10503
1.985000,1.000000,0.998659,0.997317,10437
1.986000,0.951057,0.974093,0.948186,10499
1.987000,0.809017,0.894241,0.788481,10609
1.988000,0.587785,0.782613,0.565225,10755
1.989000,0.309017,0.623231,0.246462,10951
1.990000,0.000000,0.469717,-0.060566,11211
1.991000,-0.309017,0.327968,-0.344064,11431
1.992000,-0.587785,0.185415,-0.629171,11628
1.993000,-0.809017,0.082045,-0.835910,11835
1.994000,-0.951057,0.024809,-0.950381,11931
1.995000,-1.000000,0.000000,-1.000000,11968
1.996000,-0.951057,0.020247,-0.959505,11804
1.997000,-0.809017,0.082721,-0.834557,11847
1.998000,-0.587785,0.182379,-0.635242,11668
1.999000,-0.309017,0.311819,-0.376363,11465
2.000000,-0.000000,0.465820,-0.068361,11176
2.001000,0.309017,0.610269,0.220539,11023
2.002000,0.587785,0.770586,0.541172,10784
2.003000,0.809017,0.874637,0.749273,11351
2.004000,0.951057,0.969387,0.938774,10551
2.005000,1.000000,0.997327,0.994655,10477
2.006000,0.951057,0.972796,0.945591,10513
2.007000,0.809017,0.899556,0.799113,10593
2.008000,0.587785,0.772411,0.544822,10787
2.009000,0.309017,0.625603,0.251206,10991
2.010000,0.000000,0.481498,-0.037004,11215
2.011000,-0.309017,0.314146,-0.371708,11466
2.012000,-0.587785,0.183285,-0.633430,11714
2.013000,-0.809017,0.090549,-0.818902,11861
2.014000,-0.951057,0.021061,-0.957877,11965
2.015000,-1.000000,0.000000,-1.000000,12032
2.016000,-0.951057,0.020943,-0.958114,11985
2.017000,-0.809017,0.082387,-0.835227,11883
2.018000,-0.587785,0.180200,-0.639600,11687
2.019000,-0.309017,0.319210,-0.361580,11494
2.020000,-0.000000,0.451973,-0.096053,11275
2.021000,0.309017,0.623296,0.246593,11006
2.022000,0.587785,0.760690,0.521380,10781
2.023000,0.809017,0.884694,0.769388,10251
2.024000,0.951057,0.968508,0.937015,10447
2.025000,1.000000,0.998729,0.997458,10229
2.026000,0.951057,0.973511,0.947022,10193
2.027000,0.809017,0.898211,0.796421,10394
2.028000,0.587785,0.777211,0.554423,10005
2.029000,0.309017,0.634560,0.269120,10081
2.030000,0.000000,0.478383,-0.043235,9992
2.031000,-0.309017,0.323773,-0.352455,11854
2.032000,-0.587785,0.187771,-0.624459,9698
2.033000,-0.809017,0.090583,-0.818834,10587
2.034000,-0.951057,0.024424,-0.951153,10195
2.035000,-1.000000,0.001101,-0.997798,10898
2.036000,-0.951057,0.021332,-0.957336,11110
2.037000,-0.809017,0.084442,-0.831116,11878
2.038000,-0.587785,0.178327,-0.643345,11563
2.039000,-0.309017,0.314260,-0.371479,11255
2.040000,-0.000000,0.452735,-0.094531,11245
2.041000,0.309017,0.626024,0.252047,10990
2.042000,0.587785,0.762660,0.525320,10782
2.043000,0.809017,0.889004,0.778009,10577
2.044000,0.951057,0.968067,0.936134,10522
2.045000,1.000000,0.998758,0.997516,10467
2.046000,0.951057,0.974396,0.948791,10467
2.047000,0.809017,0.901194,0.802387,10556
2.048000,0.587785,0.774230,0.548460,10679
2.049000,0.309017,0.626402,0.252805,11052
2.050000,0.000000,0.476738,-0.046524,11220
2.051000,-0.309017,0.323908,-0.352185,11352
2.052000,-0.587785,0.183095,-0.633810,11677
2.053000,-0.809017,0.086707,-0.826587,11833
2.054000,-0.951057,0.023958,-0.952085,11896
2.055000,-1.000000,0.000000,-1.000000,11995
2.056000,-0.951057,0.020910,-0.958180,11956
2.057000,-0.809017,0.085830,-0.828340,11849
2.058000,-0.587785,0.179612,-0.640775,11664
2.059000,-0.309017,0.314821,-0.370357,11470
2.060000,-0.000000,0.463133,-0.073735,11243
2.061000,0.309017,0.614868,0.229736,11017
2.062000,0.587785,0.768702,0.537405,10774
2.063000,0.809017,0.884680,0.769361,10640
2.064000,0.951057,0.968913,0.937827,10519
2.065000,1.000000,0.997415,0.994830,10445
2.066000,0.951057,0.973271,0.946542,10513
2.067000,0.809017,0.898765,0.797530,10609
2.068000,0.587785,0.777737,0.555473,10780
2.069000,0.309017,0.626073,0.252145,10954
2.070000,0.000000,0.479124,-0.041752,11233
2.071000,-0.309017,0.318660,-0.362679,11495
2.072000,-0.587785,0.180469,-0.639062,11725
2.073000,-0.809017,0.089255,-0.821489,11820
2.074000,-0.951057,0.021833,-0.956333,12000
2.075000,-1.000000,0.000000,-1.000000,12038
2.076000,-0.951057,0.020988,-0.958023,11959
2.077000,-0.809017,0.085522,-0.828956,11880
2.078000,-0.587785,0.179096,-0.641809,11720
2.079000,-0.309017,0.314132,-0.371737,11492
2.080000,-0.000000,0.454675,-0.090650,11230
2.081000,0.309017,0.623751,0.247501,11006
2.082000,0.587785,0.761375,0.522750,10791
2.083000,0.809017,0.888386,0.776772,10608
2.084000,0.951057,0.966145,0.932291,10486
2.085000,1.000000,0.998663,0.997325,10468
2.086000,0.951057,0.974369,0.948737,10495
2.087000,0.809017,0.897603,0.795206,10596
2.088000,0.587785,0.775683,0.551365,10766
2.089000,0.309017,0.632538,0.265076,10978
2.090000,0.000000,0.479364,-0.041272,11194
2.091000,-0.309017,0.313622,-0.372755,11415
2.092000,-0.587785,0.190411,-0.619178,11659
2.093000,-0.809017,0.090591,-0.818818,11723
2.094000,-0.951057,0.021920,-0.956159,11998
2.095000,-1.000000,0.000000,-1.000000,11948
2.096000,-0.951057,0.020739,-0.958521,11765
2.097000,-0.809017,0.085600,-0.828799,11799
2.098000,-0.587785,0.173875,-0.652250,12509
2.099000,-0.309017,0.311336,-0.377327,11547
2.100000,-0.000000,0.462299,-0.075403,11233
2.101000,0.309017,0.615707,0.231413,10989
2.102000,0.587785,0.768966,0.537932,10756
2.103000,0.809017,0.885093,0.770186,10626
2.104000,0.951057,0.969345,0.938690,10504
2.105000,1.000000,0.997412,0.994824,10432
2.106000,0.951057,0.972877,0.945755,10471
2.107000,0.809017,0.899001,0.798003,10614
2.108000,0.587785,0.777963,0.555927,10773
2.109000,0.309017,0.623680,0.247361,10988
2.110000,0.000000,0.480329,-0.039342,11184
2.111000,-0.309017,0.327747,-0.344506,11457
2.112000,-0.587785,0.179772,-0.640455,11687
2.113000,-0.809017,0.090163,-0.819675,11812
2.114000,-0.951057,0.021721,-0.956558,11970
2.115000,-1.000000,0.000000,-1.000000,12018
2.116000,-0.951057,0.020964,-0.958072,11973
2.117000,-0.809017,0.085760,-0.828480,11847
2.118000,-0.587785,0.176771,-0.646457,11150
2.119000,-0.309017,0.311409,-0.377181,11175
2.120000,-0.000000,0.465874,-0.068253,10593
2.121000,0.309017,0.624012,0.248023,9612
2.122000,0.587785,0.759347,0.518693,9549
2.123000,0.809017,0.886746,0.773492,10163
2.124000,0.951057,0.967721,0.935442,12330
2.125000,1.000000,0.998611,0.997223,9361
2.126000,0.951057,0.973977,0.947953,10798
2.127000,0.809017,0.897858,0.795716,10084
2.128000,0.587785,0.782463,0.564926,10150
2.129000,0.309017,0.640523,0.281046,10251
2.130000,0.000000,0.469657,-0.060685,11123
2.131000,-0.309017,0.325586,-0.348829,11100
2.132000,-0.587785,0.190485,-0.619031,11392
2.133000,-0.809017,0.089347,-0.821305,11875
2.134000,-0.951057,0.020943,-0.958113,11937
2.135000,-1.000000,0.000000,-1.000000,12052
2.136000,-0.951057,0.020974,-0.958051,11967
2.137000,-0.809017,0.084090,-0.831821,11678
2.138000,-0.587785,0.186523,-0.626954,11709
2.139000,-0.309017,0.305213,-0.389574,11510
2.140000,-0.000000,0.467314,-0.065372,11228
2.141000,0.309017,0.615084,0.230168,11005
2.142000,0.587785,0.770781,0.541562,10719
2.143000,0.809017,0.884900,0.769801,10391
2.144000,0.951057,0.965872,0.931744,10402
2.145000,1.000000,0.997414,0.994828,10441
2.146000,0.951057,0.972846,0.945693,10459
2.147000,0.809017,0.894939,0.789877,10689
2.148000,0.587785,0.778024,0.556048,10830
2.149000,0.309017,0.640388,0.280776,10934
2.150000,0.000000,0.468138,-0.063724,11283
2.151000,-0.309017,0.313078,-0.373845,11470
2.152000,-0.587785,0.192571,-0.614857,11523
2.153000,-0.809017,0.090271,-0.819459,11820
2.154000,-0.951057,0.021939,-0.956121,11942
2.155000,-1.000000,0.000000,-1.000000,11976
2.156000,-0.951057,0.020638,-0.958724,11629
2.157000,-0.809017,0.082862,-0.834277,11839
2.158000,-0.587785,0.187998,-0.624003,11665
2.159000,-0.309017,0.306163,-0.387673,11471
2.160000,-0.000000,0.462115,-0.075770,11878
2.161000,0.309017,0.623807,0.247615,11005
2.162000,0.587785,0.760189,0.520378,10796
2.163000,0.809017,0.889381,0.778761,10622
2.164000,0.951057,0.964895,0.929791,10426
2.165000,1.000000,0.998665,0.997329,10484
2.166000,0.951057,0.973930,0.947859,10510
2.167000,0.809017,0.897796,0.795592,10616
2.168000,0.587785,0.773440,0.546879,10783
2.169000,0.309017,0.632479,0.264957,10998
2.170000,0.000000,0.478760,-0.042479,11229
2.171000,-0.309017,0.310870,-0.378261,11960
2.172000,-0.587785,0.192166,-0.615668,11667
2.173000,-0.809017,0.085045,-0.829909,11876
2.174000,-0.951057,0.020668,-0.958663,11999
2.175000,-1.000000,0.000917,-0.998166,11994
2.176000,-0.951057,0.021822,-0.956355,12006
2.177000,-0.809017,0.081693,-0.836615,11886
2.178000,-0.587785,0.183083,-0.633834,11716
2.179000,-0.309017,0.312588,-0.374825,11424
2.180000,-0.000000,0.459717,-0.080566,11233
2.181000,0.309017,0.617309,0.234617,10954
2.182000,0.587785,0.763238,0.526477,10783
2.183000,0.809017,0.889642,0.779284,10620
2.184000,0.951057,0.964245,0.928490,10516
2.185000,1.000000,0.998662,0.997324,10462
2.186000,0.951057,0.974312,0.948625,10472
2.187000,0.809017,0.896217,0.792435,10310
2.188000,0.587785,0.772331,0.544663,10792
2.189000,0.309017,0.623920,0.247840,10995
2.190000,0.000000,0.482783,-0.034433,11181
2.191000,-0.309017,0.318843,-0.362314,11479
2.192000,-0.587785,0.180636,-0.638727,11692
2.193000,-0.809017,0.091102,-0.817797,11800
2.194000,-0.951057,0.026597,-0.946807,12746
2.195000,-1.000000,0.000917,-0.998165,11991
2.196000,-0.951057,0.022040,-0.955921,11933
2.197000,-0.809017,0.084087,-0.831825,12487
2.198000,-0.587785,0.180067,-0.639866,11679
2.199000,-0.309017,0.315252,-0.369497,11448
2.200000,-0.000000,0.451974,-0.096051,11244
2.201000,0.309017,0.629464,0.258928,10949
2.202000,0.587785,0.760775,0.521550,10789
2.203000,0.809017,0.889497,0.778993,10606
2.204000,0.951057,0.964988,0.929975,10482
2.205000,1.000000,0.998663,0.997325,10468
2.206000,0.951057,0.973907,0.947814,10501
2.207000,0.809017,0.897923,0.795845,10590
2.208000,0.587785,0.775327,0.550654,11243
2.209000,0.309017,0.635766,0.271533,10960
2.210000,0.000000,0.476032,-0.047936,11703
2.211000,-0.309017,0.312129,-0.375742,11460
2.212000,-0.587785,0.193392,-0.613217,11531
2.213000,-0.809017,0.089612,-0.820776,11215
2.214000,-0.951057,0.023773,-0.952453,11820
2.215000,-1.000000,0.000977,-0.998046,11259
2.216000,-0.951057,0.020963,-0.958074,12355
2.217000,-0.809017,0.084318,-0.831363,10828
2.218000,-0.587785,0.186489,-0.627022,15025
2.219000,-0.309017,0.317264,-0.365471,11741
2.220000,-0.000000,0.462548,-0.074904,10133
2.221000,0.309017,0.604561,0.209122,9779
2.222000,0.587785,0.771347,0.542694,9486
2.223000,0.809017,0.881974,0.763948,9786
2.224000,0.951057,0.968728,0.937457,10169
2.225000,1.000000,0.998750,0.997500,10400
2.226000,0.951057,0.973589,0.947178,10488
2.227000,0.809017,0.899088,0.798175,10633
2.228000,0.587785,0.777891,0.555782,10783
2.229000,0.309017,0.628102,0.256204,10960
2.230000,0.000000,0.470891,-0.058218,11268
2.231000,-0.309017,0.327091,-0.345819,11480
2.232000,-0.587785,0.184644,-0.630711,11709
2.233000,-0.809017,0.084486,-0.831029,11860
2.234000,-0.951057,0.024835,-0.950329,11999
2.235000,-1.000000,0.000000,-1.000000,12041
2.236000,-0.951057,0.021020,-0.957960,11941
2.237000,-0.809017,0.082646,-0.834708,11882
2.238000,-0.587785,0.179288,-0.641424,11713
2.239000,-0.309017,0.312225,-0.375550,11370
2.240000,-0.000000,0.464912,-0.070175,11286
2.241000,0.309017,0.614805,0.229611,11023
2.242000,0.587785,0.764526,0.529052,10791
2.243000,0.809017,0.884717,0.769433,10626
2.244000,0.951057,0.967853,0.935705,10483
2.245000,1.000000,0.998758,0.997516,10467
2.246000,0.951057,0.974098,0.948195,10501
2.247000,0.809017,0.895083,0.790166,10494
2.248000,0.587785,0.781172,0.562343,10771
2.249000,0.309017,0.623930,0.247860,10982
2.250000,0.000000,0.471675,-0.056651,11209
2.251000,-0.309017,0.329154,-0.341692,11405
2.252000,-0.587785,0.186449,-0.627101,11660
2.253000,-0.809017,0.083623,-0.832754,11791
2.254000,-0.951057,0.024615,-0.950770,12472
2.255000,-1.000000,0.000000,-1.000000,11926
2.256000,-0.951057,0.020854,-0.958291,11940
2.257000,-0.809017,0.083298,-0.833404,11825
2.258000,-0.587785,0.182979,-0.634042,11668
2.259000,-0.309017,0.311073,-0.377854,11605
2.260000,-0.000000,0.462120,-0.075760,11246
2.261000,0.309017,0.616811,0.233621,11005
2.262000,0.587785,0.762418,0.524836,10670
2.263000,0.809017,0.885889,0.771778,10630
2.264000,0.951057,0.968230,0.936459,10450
2.265000,1.000000,0.998662,0.997325,10467
2.266000,0.951057,0.974227,0.948454,10476
2.267000,0.809017,0.894251,0.788501,10610
2.268000,0.587785,0.782887,0.565775,10764
2.269000,0.309017,0.630227,0.260454,10977
2.270000,0.000000,0.467351,-0.065297,11195
2.271000,-0.309017,0.324897,-0.350205,11459
2.272000,-0.587785,0.188003,-0.623995,11686
2.273000,-0.809017,0.082650,-0.834700,11833
2.274000,-0.951057,0.024394,-0.951211,11970
2.275000,-1.000000,0.000000,-1.000000,12048
2.276000,-0.951057,0.020723,-0.958554,11871
2.277000,-0.809017,0.083220,-0.833559,11800
2.278000,-0.587785,0.187404,-0.625192,11718
2.279000,-0.309017,0.305039,-0.389922,11510
2.280000,-0.000000,0.466951,-0.066098,11256
2.281000,0.309017,0.616365,0.232730,10987
2.282000,0.587785,0.765778,0.531557,10806
2.283000,0.809017,0.883288,0.766576,10633
2.284000,0.951057,0.967837,0.935675,10478
2.285000,1.000000,0.998758,0.997517,10470
2.286000,0.951057,0.974117,0.948235,10509
2.287000,0.809017,0.893591,0.787182,10610
2.288000,0.587785,0.782042,0.564083,10736
2.289000,0.309017,0.632639,0.265278,11716
2.290000,0.000000,0.479615,-0.040769,11234
2.291000,-0.309017,0.317345,-0.365309,11467
2.292000,-0.587785,0.182527,-0.634946,11675
2.293000,-0.809017,0.090074,-0.819852,11868
2.294000,-0.951057,0.021948,-0.956104,11983
2.295000,-1.000000,0.000000,-1.000000,11982
2.296000,-0.951057,0.020880,-0.958239,11973
2.297000,-0.809017,0.085300,-0.829400,11864
2.298000,-0.587785,0.179066,-0.641868,11694
2.299000,-0.309017,0.315702,-0.368596,11438
2.300000,-0.000000,0.456400,-0.087200,11227
2.301000,0.309017,0.617974,0.235949,11049
2.302000,0.587785,0.763997,0.527994,10788
2.303000,0.809017,0.884594,0.769187,10580
2.304000,0.951057,0.969386,0.938771,10126
2.305000,1.000000,0.997430,0.994860,10506
2.306000,0.951057,0.973116,0.946232,10378
2.307000,0.809017,0.899322,0.798644,10618
2.308000,0.587785,0.779663,0.559325,10257
2.309000,0.309017,0.630851,0.261702,10917
2.310000,0.000000,0.487374,-0.025251,9742
2.311000,-0.309017,0.329118,-0.341763,11309
2.312000,-0.587785,0.184190,-0.631620,11423
2.313000,-0.809017,0.090292,-0.819415,10909
2.314000,-0.951057,0.022846,-0.954307,38912
2.315000,-1.000000,0.001040,-0.997921,11542
2.316000,-0.951057,0.021814,-0.956372,11919
2.317000,-0.809017,0.081155,-0.837690,11669
2.318000,-0.587785,0.185278,-0.629444,11588
2.319000,-0.309017,0.309111,-0.381777,10679
2.320000,-0.000000,0.459949,-0.080101,11036
2.321000,0.309017,0.612064,0.224129,11074
2.322000,0.587785,0.771917,0.543833,10711
2.323000,0.809017,0.884973,0.769946,10641
2.324000,0.951057,0.968714,0.937429,10516
2.325000,1.000000,0.998086,0.996172,10449
2.326000,0.951057,0.973479,0.946958,10520
2.327000,0.809017,0.896948,0.793896,10616
2.328000,0.587785,0.780024,0.560048,10783
2.329000,0.309017,0.626709,0.253418,10970
2.330000,0.000000,0.469547,-0.060905,11247
2.331000,-0.309017,0.327119,-0.345762,11479
2.332000,-0.587785,0.187592,-0.624816,11525
2.333000,-0.809017,0.081655,-0.836690,11916
2.334000,-0.951057,0.024780,-0.950441,12026
2.335000,-1.000000,0.000000,-1.000000,12046
2.336000,-0.951057,0.020971,-0.958058,11969
2.337000,-0.809017,0.082724,-0.834552,11895
2.338000,-0.587785,0.187751,-0.624498,11707
2.339000,-0.309017,0.305126,-0.389748,11510
2.340000,-0.000000,0.468051,-0.063898,11221
2.341000,0.309017,0.611529,0.223058,11033
2.342000,0.587785,0.768446,0.536893,10788
2.343000,0.809017,0.880655,0.761309,10633
2.344000,0.951057,0.967668,0.935336,10454
2.345000,1.000000,0.998663,0.997325,10468
2.346000,0.951057,0.974474,0.948948,10499
2.347000,0.809017,0.893507,0.787013,10611
2.348000,0.587785,0.781960,0.563921,10732
2.349000,0.309017,0.623921,0.247841,11003
2.350000,0.000000,0.465901,-0.068198,11232
2.351000,-0.309017,0.328748,-0.342504,11413
2.352000,-0.587785,0.188020,-0.623961,11669
2.353000,-0.809017,0.081919,-0.836162,11841
2.354000,-0.951057,0.024960,-0.950080,11939
2.355000,-1.000000,0.000000,-1.000000,11951
2.356000,-0.951057,0.020528,-0.958944,11935
2.357000,-0.809017,0.082735,-0.834531,11833
2.358000,-0.587785,0.184642,-0.630716,11655
2.359000,-0.309017,0.310601,-0.378797,11423
2.360000,-0.000000,0.463671,-0.072658,11217
2.361000,0.309017,0.610213,0.220425,11006
2.362000,0.587785,0.770018,0.540035,10753
2.363000,0.809017,0.884681,0.769361,10614
2.364000,0.951057,0.968976,0.937952,10508
2.365000,1.000000,0.997708,0.995416,10472
2.366000,0.951057,0.972684,0.945368,10470
2.367000,0.809017,0.899160,0.798321,10601
2.368000,0.587785,0.778408,0.556815,10763
2.369000,0.309017,0.624306,0.248612,10985
2.370000,0.000000,0.475492,-0.049016,11180
2.371000,-0.309017,0.327397,-0.345207,11454
2.372000,-0.587785,0.183703,-0.632594,11671
2.373000,-0.809017,0.086099,-0.827802,11812
2.374000,-0.951057,0.024833,-0.950334,11960
2.375000,-1.000000,0.000000,-1.000000,11996
2.376000,-0.951057,0.020905,-0.958190,11959
2.377000,-0.809017,0.086267,-0.827466,11789
2.378000,-0.587785,0.179133,-0.641735,11712
2.379000,-0.309017,0.314754,-0.370493,11482
2.380000,-0.000000,0.462818,-0.074364,11242
2.381000,0.309017,0.614629,0.229258,10992
2.382000,0.587785,0.765430,0.530860,10807
2.383000,0.809017,0.884478,0.768956,10630
2.384000,0.951057,0.962313,0.924626,11224
2.385000,1.000000,0.998761,0.997521,10490
2.386000,0.951057,0.974684,0.949367,10507
2.387000,0.809017,0.897172,0.794345,10610
2.388000,0.587785,0.771482,0.542963,10765
2.389000,0.309017,0.632519,0.265038,10972
2.390000,0.000000,0.477603,-0.044795,11229
2.391000,-0.309017,0.311304,-0.377391,11500
2.392000,-0.587785,0.191141,-0.617718,11672
2.393000,-0.809017,0.090228,-0.819544,11881
2.394000,-0.951057,0.021772,-0.956456,11988
2.395000,-1.000000,0.000166,-0.999668,12035
2.396000,-0.951057,0.020833,-0.958333,12000
2.397000,-0.809017,0.082162,-0.835676,11879
2.398000,-0.587785,0.181981,-0.636038,11710
2.399000,-0.309017,0.319692,-0.360616,11436
2.400000,-0.000000,0.453060,-0.093880,11259
2.401000,0.309017,0.621843,0.243685,10887
2.402000,0.587785,0.758510,0.517019,10253
2.403000,0.809017,0.880494,0.760987,9807
2.404000,0.951057,0.964688,0.929377,10110
2.405000,1.000000,0.997563,0.995126,9849
2.406000,0.951057,0.974898,0.949797,9601
2.407000,0.809017,0.901817,0.803634,10236
2.408000,0.587785,0.780497,0.560994,10378
2.409000,0.309017,0.633292,0.266583,11156
2.410000,0.000000,0.474386,-0.051227,12142
2.411000,-0.309017,0.326509,-0.346982,10502
2.412000,-0.587785,0.184368,-0.631264,10875
2.413000,-0.809017,0.092589,-0.814821,11848
2.414000,-0.951057,0.021019,-0.957961,11751
2.415000,-1.000000,0.000998,-0.998005,12029
2.416000,-0.951057,0.021956,-0.956088,11933
2.417000,-0.809017,0.083475,-0.833050,11764
2.418000,-0.587785,0.181756,-0.636488,11697
2.419000,-0.309017,0.309920,-0.380161,11432
2.420000,-0.000000,0.459914,-0.080173,10889
2.421000,0.309017,0.619847,0.239695,11014
2.422000,0.587785,0.759959,0.519918,10794
2.423000,0.809017,0.889443,0.778887,10619
2.424000,0.951057,0.964030,0.928060,10481
2.425000,1.000000,0.998759,0.997518,10477
2.426000,0.951057,0.974115,0.948230,10508
2.427000,0.809017,0.897888,0.795776,10606
2.428000,0.587785,0.771987,0.543974,10745
2.429000,0.309017,0.637183,0.274366,10876
2.430000,0.000000,0.477711,-0.044578,11306
2.431000,-0.309017,0.314388,-0.371225,11489
2.432000,-0.587785,0.185563,-0.628873,11651
2.433000,-0.809017,0.090189,-0.819622,11864
2.434000,-0.951057,0.021868,-0.956264,11981
2.435000,-1.000000,0.000000,-1.000000,11986
2.436000,-0.951057,0.020852,-0.958295,11989
2.437000,-0.809017,0.085409,-0.829182,11884
2.438000,-0.587785,0.179205,-0.641590,11724
2.439000,-0.309017,0.315307,-0.369385,11465
2.440000,-0.000000,0.452202,-0.095597,11287
2.441000,0.309017,0.624921,0.249841,11011
2.442000,0.587785,0.759789,0.519578,10803
2.443000,0.809017,0.887829,0.775659,10591
2.444000,0.951057,0.965671,0.931343,10516
2.445000,1.000000,0.998663,0.997326,10473
2.446000,0.951057,0.974023,0.948047,10471
2.447000,0.809017,0.897569,0.795138,10612
2.448000,0.587785,0.771577,0.543154,10787
2.449000,0.309017,0.635238,0.270477,10988
2.450000,0.000000,0.478020,-0.043960,11192
2.451000,-0.309017,0.313860,-0.372279,11486
2.452000,-0.587785,0.187335,-0.625330,11749
2.453000,-0.809017,0.090280,-0.819440,11852
2.454000,-0.951057,0.021770,-0.956460,11943
2.455000,-1.000000,0.000000,-1.000000,12013
2.456000,-0.951057,0.020823,-0.958354,11910
2.457000,-0.809017,0.086346,-0.827308,11755
2.458000,-0.587785,0.179088,-0.641824,11687
2.459000,-0.309017,0.315261,-0.369478,11454
2.460000,-0.000000,0.452190,-0.095620,11232
2.461000,0.309017,0.625445,0.250890,10957
2.462000,0.587785,0.760982,0.521965,10790
2.463000,0.809017,0.888145,0.776291,10612
2.464000,0.951057,0.966111,0.932223,10505
2.465000,1.000000,0.998754,0.997508,10435
2.466000,0.951057,0.974288,0.948576,10501
2.467000,0.809017,0.897925,0.795849,10600
2.468000,0.587785,0.772875,0.545750,10765
2.469000,0.309017,0.631253,0.262507,10994
2.470000,0.000000,0.482398,-0.035204,11192
2.471000,-0.309017,0.312478,-0.375044,11460
2.472000,-0.587785,0.188700,-0.622599,11611
2.473000,-0.809017,0.090455,-0.819090,11818
2.474000,-0.951057,0.021952,-0.956096,11935
2.475000,-1.000000,0.000000,-1.000000,11975
2.476000,-0.951057,0.022187,-0.955627,11899
2.477000,-0.809017,0.082180,-0.835640,11852
2.478000,-0.587785,0.182052,-0.635896,11656
2.479000,-0.309017,0.299853,-0.400293,12286
2.480000,-0.000000,0.461464,-0.077072,11353
2.481000,0.309017,0.623461,0.246923,11048
2.482000,0.587785,0.758254,0.516508,10813
2.483000,0.809017,0.884249,0.768498,10609
2.484000,0.951057,0.969299,0.938599,10521
2.485000,1.000000,0.997328,0.994656,10480
2.486000,0.951057,0.972883,0.945766,10510
2.487000,0.809017,0.898034,0.796069,10582
2.488000,0.587785,0.772900,0.545800,10797
2.489000,0.309017,0.626658,0.253316,11006
2.490000,0.000000,0.481293,-0.037413,11226
2.491000,-0.309017,0.316037,-0.367925,11467
2.492000,-0.587785,0.183712,-0.632576,11714
2.493000,-0.809017,0.089766,-0.820467,11775
2.494000,-0.951057,0.021832,-0.956336,11497
2.495000,-1.000000,0.000000,-1.000000,12050
2.496000,-0.951057,0.020905,-0.958190,11911
2.497000,-0.809017,0.085516,-0.828967,11834
2.498000,-0.587785,0.179847,-0.640305,11671
2.499000,-0.309017,0.310905,-0.378189,11132
2.500000,-0.000000,0.469810,-0.060381,11560
2.501000,0.309017,0.608709,0.217417,10013
2.502000,0.587785,0.774546,0.549092,9523
2.503000,0.809017,0.887251,0.774501,10173
2.504000,0.951057,0.964619,0.929238,10175
2.505000,1.000000,0.997461,0.994921,10239
2.506000,0.951057,0.974156,0.948312,9983
2.507000,0.809017,0.900378,0.800756,10058
2.508000,0.587785,0.780086,0.560172,10686
2.509000,0.309017,0.637961,0.275922,9278
2.510000,0.000000,0.474653,-0.050694,10810
2.511000,-0.309017,0.323681,-0.352638,10671
2.512000,-0.587785,0.229365,-0.541270,17143
2.513000,-0.809017,0.091102,-0.817797,11811
2.514000,-0.951057,0.020571,-0.958857,12007
2.515000,-1.000000,0.001009,-0.997981,11888
2.516000,-0.951057,0.021774,-0.956453,11941
2.517000,-0.809017,0.085443,-0.829114,11891
2.518000,-0.587785,0.179232,-0.641535,11672
2.519000,-0.309017,0.316778,-0.366444,11396
2.520000,-0.000000,0.453543,-0.092914,11247
2.521000,0.309017,0.625489,0.250979,10985
2.522000,0.587785,0.761339,0.522679,10781
2.523000,0.809017,0.887846,0.775692,10548
2.524000,0.951057,0.965707,0.931414,10352
2.525000,1.000000,0.997438,0.994876,10539
2.526000,0.951057,0.972813,0.945625,10446
2.527000,0.809017,0.899425,0.798850,10609
2.528000,0.587785,0.778480,0.556960,10762
2.529000,0.309017,0.624033,0.248067,10993
2.530000,0.000000,0.479269,-0.041461,11167
2.531000,-0.309017,0.320597,-0.358807,11463
2.532000,-0.587785,0.179647,-0.640705,11684
2.533000,-0.809017,0.090740,-0.818520,11825
2.534000,-0.951057,0.021961,-0.956077,11930
2.535000,-1.000000,0.000000,-1.000000,12014
2.536000,-0.951057,0.020811,-0.958379,11965
2.537000,-0.809017,0.085678,-0.828644,11835
2.538000,-0.587785,0.179099,-0.641801,11703
2.539000,-0.309017,0.314301,-0.371399,11489
2.540000,-0.000000,0.456757,-0.086486,11262
2.541000,0.309017,0.618190,0.236380,10995
2.542000,0.587785,0.760155,0.520311,10807
2.543000,0.809017,0.884438,0.768876,10635
2.544000,0.951057,0.968809,0.937619,10516
2.545000,1.000000,0.998755,0.997509,10439
2.546000,0.951057,0.973827,0.947654,10507
2.547000,0.809017,0.898153,0.796307,10614
2.548000,0.587785,0.772323,0.544646,10796
2.549000,0.309017,0.623400,0.246800,11017
2.550000,0.000000,0.480858,-0.038283,11232
2.551000,-0.309017,0.316458,-0.367084,11496
2.552000,-0.587785,0.182737,-0.634526,11678
2.553000,-0.809017,0.090158,-0.819683,11868
2.554000,-0.951057,0.021933,-0.956134,11991
2.555000,-1.000000,0.000000,-1.000000,12032
2.556000,-0.951057,0.021013,-0.957974,11945
2.557000,-0.809017,0.085693,-0.828615,11868
2.558000,-0.587785,0.178186,-0.643627,11690
2.559000,-0.309017,0.313080,-0.373841,11537
2.560000,-0.000000,0.460112,-0.079775,11219
2.561000,0.309017,0.614401,0.228802,11027
2.562000,0.587785,0.766042,0.532085,10784
2.563000,0.809017,0.884503,0.769006,10589
2.564000,0.951057,0.969259,0.938517,10507
2.565000,1.000000,0.997421,0.994842,10470
2.566000,0.951057,0.972937,0.945874,10494
2.567000,0.809017,0.898599,0.797198,10562
2.568000,0.587785,0.778015,0.556030,10771
2.569000,0.309017,0.623919,0.247838,10987
2.570000,0.000000,0.482438,-0.035124,11189
2.571000,-0.309017,0.319576,-0.360848,11412
2.572000,-0.587785,0.182496,-0.635008,11666
2.573000,-0.809017,0.089865,-0.820271,11751
2.574000,-0.951057,0.027623,-0.944755,12526
2.575000,-1.000000,0.000000,-1.000000,11552
2.576000,-0.951057,0.020457,-0.959086,11243
2.577000,-0.809017,0.085160,-0.829681,11590
2.578000,-0.587785,0.183251,-0.633498,11356
2.579000,-0.309017,0.305055,-0.389889,11493
2.580000,-0.000000,0.467034,-0.065931,11057
2.581000,0.309017,0.612766,0.225533,10841
2.582000,0.587785,0.767904,0.535809,10612
2.583000,0.809017,0.884328,0.768656,10573
2.584000,0.951057,0.969383,0.938766,10419
2.585000,1.000000,0.997477,0.994954,10305
2.586000,0.951057,0.972821,0.945642,10486
2.587000,0.809017,0.899330,0.798660,10450
2.588000,0.587785,0.778422,0.556843,10353
2.589000,0.309017,0.629952,0.259905,9642
2.590000,0.000000,0.469767,-0.060467,11312
2.591000,-0.309017,0.315462,-0.369077,11396
2.592000,-0.587785,0.193523,-0.612953,11642
2.593000,-0.809017,0.085798,-0.828405,11667
2.594000,-0.951057,0.021534,-0.956931,11470
2.595000,-1.000000,0.000000,-1.000000,11982
2.596000,-0.951057,0.022459,-0.955082,10508
2.597000,-0.809017,0.082114,-0.835773,11752
2.598000,-0.587785,0.178558,-0.642883,10848
2.599000,-0.309017,0.319657,-0.360687,10602
2.600000,-0.000000,0.464567,-0.070866,15748
2.601000,0.309017,0.616891,0.233783,9342
2.602000,0.587785,0.776187,0.552374,9289
2.603000,0.809017,0.882307,0.764614,12745
2.604000,0.951057,0.965527,0.931055,10182
2.605000,1.000000,0.998695,0.997389,9958
2.606000,0.951057,0.973581,0.947162,10220
2.607000,0.809017,0.896473,0.792947,8790
2.608000,0.587785,0.777933,0.555865,10767
2.609000,0.309017,0.629657,0.259313,10952
2.610000,0.000000,0.469525,-0.060951,11173
2.611000,-0.309017,0.326769,-0.346462,11476
2.612000,-0.587785,0.186243,-0.627513,11689
2.613000,-0.809017,0.083844,-0.832313,11760
2.614000,-0.951057,0.024549,-0.950902,11976
2.615000,-1.000000,0.000000,-1.000000,12003
2.616000,-0.951057,0.021006,-0.957988,11949
2.617000,-0.809017,0.083567,-0.832865,11751
2.618000,-0.587785,0.185874,-0.628253,11567
2.619000,-0.309017,0.305408,-0.389183,11519
2.620000,-0.000000,0.468112,-0.063777,11211
2.621000,0.309017,0.611142,0.222283,10950
2.622000,0.587785,0.768018,0.536036,10781
2.623000,0.809017,0.881948,0.763897,10614
2.624000,0.951057,0.968057,0.936113,10456
2.625000,1.000000,0.998637,0.997275,10274
2.626000,0.951057,0.974293,0.948586,10503
2.627000,0.809017,0.894201,0.788402,10605
2.628000,0.587785,0.782086,0.564172,10729
2.629000,0.309017,0.631742,0.263484,10976
2.630000,0.000000,0.465305,-0.069390,11212
2.631000,-0.309017,0.326632,-0.346735,11441
2.632000,-0.587785,0.189082,-0.621836,11614
2.633000,-0.809017,0.081919,-0.836162,11841
2.634000,-0.951057,0.024895,-0.950210,11930
2.635000,-1.000000,0.000000,-1.000000,11947
2.636000,-0.951057,0.020999,-0.958002,11953
2.637000,-0.809017,0.082554,-0.834892,11871
2.638000,-0.587785,0.188392,-0.623216,11561
2.639000,-0.309017,0.305929,-0.388143,11470
2.640000,-0.000000,0.466702,-0.066596,11247
2.641000,0.309017,0.614798,0.229596,11015
2.642000,0.587785,0.766352,0.532703,10794
2.643000,0.809017,0.882819,0.765638,10599
2.644000,0.951057,0.968328,0.936656,10514
2.645000,1.000000,0.998759,0.997518,10475
2.646000,0.951057,0.974499,0.948999,10039
2.647000,0.809017,0.893964,0.787927,10619
2.648000,0.587785,0.777989,0.555977,10540
2.649000,0.309017,0.624112,0.248224,10982
2.650000,0.000000,0.476607,-0.046786,11200
2.651000,-0.309017,0.319364,-0.361273,11501
2.652000,-0.587785,0.179312,-0.641376,11717
2.653000,-0.809017,0.090089,-0.819821,11866
2.654000,-0.951057,0.022068,-0.955864,11963
2.655000,-1.000000,0.000000,-1.000000,12041
2.656000,-0.951057,0.021012,-0.957975,11993
2.657000,-0.809017,0.085172,-0.829655,11917
2.658000,-0.587785,0.180285,-0.639429,11565
2.659000,-0.309017,0.312852,-0.374296,11539
2.660000,-0.000000,0.461443,-0.077114,11256
2.661000,0.309017,0.612933,0.225865,10949
2.662000,0.587785,0.763866,0.527731,10710
2.663000,0.809017,0.884579,0.769158,10544
2.664000,0.951057,0.969163,0.938325,10377
2.665000,1.000000,0.997500,0.995000,10401
2.666000,0.951057,0.972911,0.945823,10521
2.667000,0.809017,0.898887,0.797774,10602
2.668000,0.587785,0.777922,0.555844,10771
2.669000,0.309017,0.622360,0.244721,10939
2.670000,0.000000,0.483763,-0.032475,11917
2.671000,-0.309017,0.318154,-0.363692,11463
2.672000,-0.587785,0.195154,-0.609693,11596
2.673000,-0.809017,0.085972,-0.828055,11841
2.674000,-0.951057,0.020931,-0.958138,11944
2.675000,-1.000000,0.001002,-0.997996,11977
2.676000,-0.951057,0.021746,-0.956507,11910
2.677000,-0.809017,0.082085,-0.835831,11878
2.678000,-0.587785,0.183759,-0.632482,11662
2.679000,-0.309017,0.315766,-0.368467,11442
2.680000,-0.000000,0.451816,-0.096367,11259
2.681000,0.309017,0.626421,0.252842,10908
2.682000,0.587785,0.760395,0.520791,10726
2.683000,0.809017,0.888290,0.776581,10581
2.684000,0.951057,0.965658,0.931317,10512
2.685000,1.000000,0.998758,0.997516,10465
2.686000,0.951057,0.974278,0.948557,10497
2.687000,0.809017,0.897644,0.795289,10571
2.688000,0.587785,0.772478,0.544955,10377
2.689000,0.309017,0.627562,0.255123,11175
2.690000,0.000000,0.470316,-0.059368,11892
2.691000,-0.309017,0.323516,-0.352969,10661
2.692000,-0.587785,0.198509,-0.602981,10599
2.693000,-0.809017,0.084557,-0.830886,11507
2.694000,-0.951057,0.025557,-0.948887,11230
2.695000,-1.000000,0.000000,-1.000000,11423
2.696000,-0.951057,0.021123,-0.957755,29589
2.697000,-0.809017,0.083144,-0.833711,11029
2.698000,-0.587785,0.180142,-0.639717,11713
2.699000,-0.309017,0.310874,-0.378252,10686
2.700000,-0.000000,0.463503,-0.072995,11083
2.701000,0.309017,0.610800,0.221600,11074
2.702000,0.587785,0.769772,0.539544,10798
2.703000,0.809017,0.877966,0.755932,10579
2.704000,0.951057,0.968064,0.936128,10521
2.705000,1.000000,0.998664,0.997328,10480
2.706000,0.951057,0.972875,0.945750,10507
2.707000,0.809017,0.893280,0.786561,10551
2.708000,0.587785,0.782375,0.564750,10780
2.709000,0.309017,0.622911,0.245821,11008
2.710000,0.000000,0.467194,-0.065612,11248
2.711000,-0.309017,0.324043,-0.351913,11446
2.712000,-0.587785,0.187719,-0.624562,11693
2.713000,-0.809017,0.083962,-0.832076,11934
2.714000,-0.951057,0.021745,-0.956511,11865
2.715000,-1.000000,0.000996,-0.998007,12045
2.716000,-0.951057,0.021866,-0.956268,11982
2.717000,-0.809017,0.081732,-0.836535,11868
2.718000,-0.587785,0.183892,-0.632215,11659
2.719000,-0.309017,0.312778,-0.374445,11481
2.720000,-0.000000,0.459902,-0.080196,11235
2.721000,0.309017,0.617329,0.234658,10999
2.722000,0.587785,0.759799,0.519599,10766
2.723000,0.809017,0.889757,0.779514,10622
2.724000,0.951057,0.964422,0.928843,10512
2.725000,1.000000,0.998622,0.997243,10157
2.726000,0.951057,0.974562,0.949123,10496
2.727000,0.809017,0.894389,0.788779,10605
2.728000,0.587785,0.776487,0.552974,10760
2.729000,0.309017,0.634476,0.268952,10883
2.730000,0.000000,0.465027,-0.069946,11223
2.731000,-0.309017,0.318511,-0.362977,11447
2.732000,-0.587785,0.194569,-0.610863,11636
2.733000,-0.809017,0.086303,-0.827393,11784
2.734000,-0.951057,0.020833,-0.958333,11952
2.735000,-1.000000,0.001003,-0.997994,11964
2.736000,-0.951057,0.022004,-0.955992,11907
2.737000,-0.809017,0.081890,-0.836221,11833
2.738000,-0.587785,0.188154,-0.623693,11666
2.739000,-0.309017,0.306309,-0.387381,11459
2.740000,-0.000000,0.465517,-0.068966,11194
2.741000,0.309017,0.615587,0.231174,11009
2.742000,0.587785,0.765545,0.531091,10791
2.743000,0.809017,0.884174,0.768348,10628
2.744000,0.951057,0.967656,0.935312,10481
2.745000,1.000000,0.998759,0.997518,10475
2.746000,0.951057,0.974403,0.948806,10509
2.747000,0.809017,0.895424,0.790847,10270
2.748000,0.587785,0.772218,0.544435,10791
2.749000,0.309017,0.636546,0.273091,10989
2.750000,0.000000,0.467189,-0.065622,11231
2.751000,-0.309017,0.309894,-0.380213,11462
2.752000,-0.587785,0.193808,-0.612385,11692
2.753000,-0.809017,0.085332,-0.829336,11883
2.754000,-0.951057,0.020934,-0.958132,11990
2.755000,-1.000000,0.001000,-0.997999,11995
2.756000,-0.951057,0.021835,-0.956330,11999
2.757000,-0.809017,0.081456,-0.837088,11896
2.758000,-0.587785,0.182501,-0.634998,11715
2.759000,-0.309017,0.307485,-0.385031,11477
2.760000,-0.000000,0.460985,-0.078029,11265
2.761000,0.309017,0.614170,0.228341,11023
2.762000,0.587785,0.758307,0.516614,10774
2.763000,0.809017,0.889286,0.778573,10622
2.764000,0.951057,0.968135,0.936269,10513
2.765000,1.000000,0.996475,0.992949,11346
2.766000,0.951057,0.974310,0.948620,10471
2.767000,0.809017,0.894014,0.788027,10624
2.768000,0.587785,0.779098,0.558196,10774
2.769000,0.309017,0.633060,0.266120,10980
2.770000,0.000000,0.462671,-0.074659,11211
2.771000,-0.309017,0.321189,-0.357622,11473
2.772000,-0.587785,0.194073,-0.611853,11676
2.773000,-0.809017,0.085301,-0.829398,11688
2.774000,-0.951057,0.021492,-0.957016,11958
2.775000,-1.000000,0.000918,-0.998165,11987
2.776000,-0.951057,0.021102,-0.957796,11942
2.777000,-0.809017,0.083185,-0.833630,11805
2.778000,-0.587785,0.188132,-0.623735,11662
2.779000,-0.309017,0.306249,-0.387502,11458
2.780000,-0.000000,0.468446,-0.063108,11203
2.781000,0.309017,0.609405,0.218810,10973
2.782000,0.587785,0.771087,0.542173,10777
2.783000,0.809017,0.881130,0.762261,10297
2.784000,0.951057,0.968368,0.936736,10148
2.785000,1.000000,0.999597,0.999194,67033
2.786000,0.951057,0.973528,0.947056,9935
2.787000,0.809017,0.898729,0.797459,10309
2.788000,0.587785,0.777132,0.554264,10495
2.789000,0.309017,0.629931,0.259861,9963
2.790000,0.000000,0.476986,-0.046029,10841
2.791000,-0.309017,0.323020,-0.353960,11377
2.792000,-0.587785,0.182694,-0.634612,11730
2.793000,-0.809017,0.087023,-0.825953,11698
2.794000,-0.951057,0.024708,-0.950584,11980
2.795000,-1.000000,0.000000,-1.000000,12011
2.796000,-0.951057,0.021062,-0.957875,11917
2.797000,-0.809017,0.082245,-0.835511,11940
2.798000,-0.587785,0.184357,-0.631287,11711
2.799000,-0.309017,0.309124,-0.381752,11497
2.800000,-0.000000,0.460483,-0.079034,11223
2.801000,0.309017,0.609495,0.218991,11037
2.802000,0.587785,0.770036,0.540072,10793
2.803000,0.809017,0.884146,0.768292,10565
2.804000,0.951057,0.968324,0.936647,10481
2.805000,1.000000,0.998753,0.997506,10427
2.806000,0.951057,0.974403,0.948805,10548
2.807000,0.809017,0.895025,0.790050,10231
2.808000,0.587785,0.771780,0.543561,10801
2.809000,0.309017,0.631924,0.263847,10995
2.810000,0.000000,0.478420,-0.043161,11237
2.811000,-0.309017,0.309690,-0.380620,11476
2.812000,-0.587785,0.188584,-0.622832,11703
2.813000,-0.809017,0.090044,-0.819912,11872
2.814000,-0.951057,0.021490,-0.957020,11866
2.815000,-1.000000,0.000333,-0.999333,12000
2.816000,-0.951057,0.022044,-0.955912,11976
2.817000,-0.809017,0.081664,-0.836673,11878
2.818000,-0.587785,0.185621,-0.628757,11545
2.819000,-0.309017,0.305775,-0.388450,11515
2.820000,-0.000000,0.461867,-0.076267,11250
2.821000,0.309017,0.615364,0.230727,11013
2.822000,0.587785,0.759904,0.519807,10779
2.823000,0.809017,0.889986,0.779972,10635
2.824000,0.951057,0.964136,0.928272,10512
2.825000,1.000000,0.998663,0.997325,10468
2.826000,0.951057,0.974131,0.948263,10476
2.827000,0.809017,0.897821,0.795641,10599
2.828000,0.587785,0.772478,0.544957,10777
2.829000,0.309017,0.640405,0.280811,10954
2.830000,0.000000,0.466107,-0.067786,10961
2.831000,-0.309017,0.318520,-0.362960,11566
2.832000,-0.587785,0.184025,-0.631949,11656
2.833000,-0.809017,0.091484,-0.817031,11696
2.834000,-0.951057,0.021954,-0.956092,11934
2.835000,-1.000000,0.000000,-1.000000,11968
2.836000,-0.951057,0.020973,-0.958054,11920
2.837000,-0.809017,0.085976,-0.828048,11794
2.838000,-0.587785,0.179467,-0.641065,11679
2.839000,-0.309017,0.315068,-0.369863,11461
2.840000,-0.000000,0.453308,-0.093383,11244
2.841000,0.309017,0.623621,0.247241,10965
2.842000,0.587785,0.762434,0.524868,10797
2.843000,0.809017,0.886190,0.772381,10623
2.844000,0.951057,0.967194,0.934389,10486
2.845000,1.000000,0.998663,0.997326,10473
2.846000,0.951057,0.974303,0.948606,10507
2.847000,0.809017,0.897832,0.795664,10610
2.848000,0.587785,0.772622,0.545243,10753
2.849000,0.309017,0.631277,0.262555,10992
2.850000,0.000000,0.480356,-0.039287,11225
2.851000,-0.309017,0.311418,-0.377163,11499
2.852000,-0.587785,0.185299,-0.629401,11673
2.853000,-0.809017,0.090266,-0.819468,11876
2.854000,-0.951057,0.021775,-0.956449,11986
2.855000,-1.000000,0.000000,-1.000000,12032
2.856000,-0.951057,0.021734,-0.956533,12009
2.857000,-0.809017,0.084098,-0.831804,11879
2.858000,-0.587785,0.180880,-0.638240,11726
2.859000,-0.309017,0.317460,-0.365079,11466
2.860000,-0.000000,0.445202,-0.109596,12026
2.861000,0.309017,0.614376,0.228751,10977
2.862000,0.587785,0.759963,0.519926,10815
2.863000,0.809017,0.889046,0.778093,10590
2.864000,0.951057,0.964439,0.928877,10517
2.865000,1.000000,0.998758,0.997517,10470
2.866000,0.951057,0.973985,0.947970,10494
2.867000,0.809017,0.894203,0.788406,10643
2.868000,0.587785,0.772268,0.544536,10789
2.869000,0.309017,0.637647,0.275294,10981
2.870000,0.000000,0.465203,-0.069593,11208
2.871000,-0.309017,0.311641,-0.376718,11494
2.872000,-0.587785,0.193388,-0.613224,11676
2.873000,-0.809017,0.084614,-0.830772,11842
2.874000,-0.951057,0.021398,-0.957203,11543
2.875000,-1.000000,0.000000,-1.000000,11458
2.876000,-0.951057,0.021749,-0.956502,11265
2.877000,-0.809017,0.083684,-0.832633,10946
2.878000,-0.587785,0.184833,-0.630334,10523
2.879000,-0.309017,0.299274,-0.401451,10335
2.880000,-0.000000,0.465488,-0.069024,10692
2.881000,0.309017,0.619266,0.238532,10028
2.882000,0.587785,0.758432,0.516864,9873
2.883000,0.809017,0.884073,0.768145,9851
2.884000,0.951057,0.969095,0.938189,10063
2.885000,1.000000,0.997428,0.994856,10109
2.886000,0.951057,0.973725,0.947449,10428
2.887000,0.809017,0.899502,0.799004,10647
2.888000,0.587785,0.777425,0.554850,10711
2.889000,0.309017,0.626673,0.253345,11060
2.890000,0.000000,0.465152,-0.069697,11220
2.891000,-0.309017,0.326205,-0.347591,11456
2.892000,-0.587785,0.184586,-0.630827,11626
2.893000,-0.809017,0.082580,-0.834839,11843
2.894000,-0.951057,0.023796,-0.952409,11935
2.895000,-1.000000,0.000000,-1.000000,11980
2.896000,-0.951057,0.020977,-0.958047,11918
2.897000,-0.809017,0.082708,-0.834584,11861
2.898000,-0.587785,0.188057,-0.623886,11672
2.899000,-0.309017,0.303126,-0.393749,11454
2.900000,-0.000000,0.465270,-0.069461,11215
2.901000,0.309017,0.618029,0.236058,11082
2.902000,0.587785,0.759693,0.519386,10807
2.903000,0.809017,0.889424,0.778847,10599
2.904000,0.951057,0.967871,0.935741,10520
2.905000,1.000000,0.998759,0.997519,10478
2.906000,0.951057,0.974864,0.949729,10503
2.907000,0.809017,0.897429,0.794857,10578
2.908000,0.587785,0.772453,0.544907,10789
2.909000,0.309017,0.629136,0.258272,11031
2.910000,0.000000,0.478754,-0.042492,11202
2.911000,-0.309017,0.314701,-0.370599,11503
2.912000,-0.587785,0.184386,-0.631229,11720
2.913000,-0.809017,0.090572,-0.818855,11880
2.914000,-0.951057,0.022048,-0.955904,11974
2.915000,-1.000000,0.000000,-1.000000,12048
2.916000,-0.951057,0.020941,-0.958118,11986
2.917000,-0.809017,0.083025,-0.833950,11888
2.918000,-0.587785,0.178348,-0.643303,11685
2.919000,-0.309017,0.319662,-0.360676,11484
2.920000,-0.000000,0.451673,-0.096654,11267
2.921000,0.309017,0.623167,0.246335,10981
2.922000,0.587785,0.759863,0.519726,10798
2.923000,0.809017,0.889590,0.779180,10615
2.924000,0.951057,0.964221,0.928442,10509
2.925000,1.000000,0.998658,0.997317,10436
2.926000,0.951057,0.974188,0.948376,10499
2.927000,0.809017,0.897530,0.795060,10608
2.928000,0.587785,0.772727,0.545455,10780
2.929000,0.309017,0.636164,0.272328,10939
2.930000,0.000000,0.474989,-0.050022,11215
2.931000,-0.309017,0.312304,-0.375393,11460
2.932000,-0.587785,0.194266,-0.611469,11649
2.933000,-0.809017,0.083025,-0.833951,11876
2.934000,-0.951057,0.021870,-0.956259,11934
2.935000,-1.000000,0.000000,-1.000000,11968
2.936000,-0.951057,0.022116,-0.955769,11892
2.937000,-0.809017,0.082129,-0.835741,11835
2.938000,-0.587785,0.183518,-0.632965,11661
2.939000,-0.309017,0.314962,-0.370076,11449
2.940000,-0.000000,0.456187,-0.087625,11184
2.941000,0.309017,0.619191,0.238381,10995
2.942000,0.587785,0.760263,0.520526,10791
2.943000,0.809017,0.889664,0.779329,10604
2.944000,0.951057,0.963853,0.927706,10485
2.945000,1.000000,0.998663,0.997326,10470
2.946000,0.951057,0.973912,0.947824,10503
2.947000,0.809017,0.893750,0.787500,10560
2.948000,0.587785,0.775077,0.550153,10777
2.949000,0.309017,0.638410,0.276821,10971
2.950000,0.000000,0.464636,-0.070729,11226
2.951000,-0.309017,0.316010,-0.367979,11430
2.952000,-0.587785,0.194118,-0.611764,11663
2.953000,-0.809017,0.085801,-0.828398,11853
2.954000,-0.951057,0.020814,-0.958372,11867
2.955000,-1.000000,0.001728,-0.996544,12733
2.956000,-0.951057,0.020769,-0.958462,11989
2.957000,-0.809017,0.085644,-0.828711,11863
2.958000,-0.587785,0.176018,-0.647964,11692
2.959000,-0.309017,0.314415,-0.371170,11488
2.960000,-0.000000,0.462953,-0.074094,11256
2.961000,0.309017,0.614443,0.228885,11023
2.962000,0.587785,0.763979,0.527958,10766
2.963000,0.809017,0.884200,0.768399,10639
2.964000,0.951057,0.968907,0.937815,10517
2.965000,1.000000,0.997422,0.994843,10472
2.966000,0.951057,0.973282,0.946565,10480
2.967000,0.809017,0.898690,0.797380,10611
2.968000,0.587785,0.771953,0.543905,10796
2.969000,0.309017,0.621604,0.243209,10970
2.970000,0.000000,0.480285,-0.039430,11235
2.971000,-0.309017,0.317411,-0.365179,11493
2.972000,-0.587785,0.181616,-0.636767,11706
2.973000,-0.809017,0.086618,-0.826764,11822
2.974000,-0.951057,0.022013,-0.955974,11993
2.975000,-1.000000,0.000000,-1.000000,11665
2.976000,-0.951057,0.021625,-0.956750,11792
2.977000,-0.809017,0.082279,-0.835442,10987
2.978000,-0.587785,0.176272,-0.647457,10637
2.979000,-0.309017,0.317629,-0.364741,11356
2.980000,-0.000000,0.456648,-0.086703,10634
2.981000,0.309017,0.616311,0.232623,11121
2.982000,0.587785,0.764380,0.528760,9388
2.983000,0.809017,0.885481,0.770963,11413
2.984000,0.951057,0.965984,0.931968,10642
2.985000,1.000000,0.997436,0.994873,10142
2.986000,0.951057,0.973652,0.947303,9678
2.987000,0.809017,0.894556,0.789112,28802
2.988000,0.587785,0.783545,0.567091,11000
2.989000,0.309017,0.622467,0.244934,10905
2.990000,0.000000,0.467278,-0.065444,11231
2.991000,-0.309017,0.327883,-0.344234,11437
2.992000,-0.587785,0.188595,-0.622810,11644
2.993000,-0.809017,0.079549,-0.840901,11804
2.994000,-0.951057,0.024799,-0.950402,11936
2.995000,-1.000000,0.000000,-1.000000,11836
2.996000,-0.951057,0.020062,-0.959876,11913
2.997000,-0.809017,0.083059,-0.833883,11835
2.998000,-0.587785,0.186065,-0.627871,11625
2.999000,-0.309017,0.310189,-0.379622,11522
3.000000,-0.000000,0.458593,-0.082814,11230
3.001000,0.309017,0.620721,0.241442,11013
3.002000,0.587785,0.759930,0.519859,10801
3.003000,0.809017,0.889684,0.779367,10624
3.004000,0.951057,0.965478,0.930956,10486
3.005000,1.000000,0.998664,0.997327,10477
3.006000,0.951057,0.974108,0.948215,10505
3.007000,0.809017,0.895762,0.791525,10572
3.008000,0.587785,0.773279,0.546558,10793
3.009000,0.309017,0.639410,0.278820,10982
3.010000,0.000000,0.464156,-0.071689,11257
3.011000,-0.309017,0.315149,-0.369702,11420
3.012000,-0.587785,0.193529,-0.612942,11714
3.013000,-0.809017,0.085880,-0.828239,11877
3.014000,-0.951057,0.020917,-0.958167,12000
3.015000,-1.000000,0.001000,-0.998000,12002
3.016000,-0.951057,0.021980,-0.956040,12011
3.017000,-0.809017,0.081624,-0.836752,11896
3.018000,-0.587785,0.180665,-0.638669,11513
3.019000,-0.309017,0.308955,-0.382090,11513
3.020000,-0.000000,0.461149,-0.077702,11261
3.021000,0.309017,0.608901,0.217801,11033
3.022000,0.587785,0.773088,0.546176,10709
3.023000,0.809017,0.884749,0.769499,10629
3.024000,0.951057,0.969065,0.938131,10506
3.025000,1.000000,0.997420,0.994840,10466
3.026000,0.951057,0.974197,0.948394,10464
3.027000,0.809017,0.898953,0.797905,10599
3.028000,0.587785,0.777396,0.554793,10777
3.029000,0.309017,0.623501,0.247001,11004
3.030000,0.000000,0.475995,-0.048011,11185
3.031000,-0.309017,0.327255,-0.345489,11462
3.032000,-0.587785,0.181717,-0.636566,11683
3.033000,-0.809017,0.087004,-0.825991,11804
3.034000,-0.951057,0.021752,-0.956496,11953
3.035000,-1.000000,0.000000,-1.000000,11991
3.036000,-0.951057,0.020947,-0.958106,11935
3.037000,-0.809017,0.084902,-0.830195,11790
3.038000,-0.587785,0.185397,-0.629206,11710
3.039000,-0.309017,0.305038,-0.389925,11533
3.040000,-0.000000,0.466661,-0.066679,11203
3.041000,0.309017,0.618913,0.237827,10987
3.042000,0.587785,0.760797,0.521594,10790
3.043000,0.809017,0.889211,0.778422,10353
3.044000,0.951057,0.966185,0.932370,10380
3.045000,1.000000,0.998857,0.997714,10500
3.046000,0.951057,0.974083,0.948166,10495
3.047000,0.809017,0.898121,0.796242,10591
3.048000,0.587785,0.776008,0.552016,10737
3.049000,0.309017,0.634948,0.269897,10856
3.050000,0.000000,0.479368,-0.041265,11196
3.051000,-0.309017,0.323338,-0.353324,12306
3.052000,-0.587785,0.193228,-0.613545,11665
3.053000,-0.809017,0.085620,-0.828760,11843
3.054000,-0.951057,0.021950,-0.956101,11982
3.055000,-1.000000,0.000000,-1.000000,11729
3.056000,-0.951057,0.020703,-0.958593,12027
3.057000,-0.809017,0.085806,-0.828388,11864
3.058000,-0.587785,0.179242,-0.641516,11716
3.059000,-0.309017,0.313179,-0.373642,11412
3.060000,-0.000000,0.463870,-0.072260,11251
3.061000,0.309017,0.613896,0.227793,11010
3.062000,0.587785,0.765567,0.531134,10792
3.063000,0.809017,0.888531,0.777062,10559
3.064000,0.951057,0.969199,0.938397,10519
3.065000,1.000000,0.997422,0.994844,10473
3.066000,0.951057,0.974354,0.948708,10450
3.067000,0.809017,0.898596,0.797192,10611
3.068000,0.587785,0.782751,0.565503,10366
3.069000,0.309017,0.635094,0.270187,10737
3.070000,0.000000,0.469209,-0.061582,18252
3.071000,-0.309017,0.323391,-0.353219,10393
3.072000,-0.587785,0.192432,-0.615137,10861
3.073000,-0.809017,0.088278,-0.823445,11124
3.074000,-0.951057,0.024092,-0.951815,11705
3.075000,-1.000000,0.000973,-0.998054,10280
3.076000,-0.951057,0.019429,-0.961141,10551
3.077000,-0.809017,0.083386,-0.833228,11105
3.078000,-0.587785,0.184090,-0.631821,11967
3.079000,-0.309017,0.303829,-0.392343,10552
3.080000,-0.000000,0.458516,-0.082967,11149
3.081000,0.309017,0.622326,0.244652,10938
3.082000,0.587785,0.760104,0.520207,10813
3.083000,0.809017,0.889424,0.778849,10581
3.084000,0.951057,0.969104,0.938207,10519
3.085000,1.000000,0.998758,0.997516,10468
3.086000,0.951057,0.973760,0.947521,10366
3.087000,0.809017,0.901052,0.802105,10642
3.088000,0.587785,0.772992,0.545985,10797
3.089000,0.309017,0.632461,0.264923,10973
3.090000,0.000000,0.480229,-0.039543,11203
3.091000,-0.309017,0.313983,-0.372034,11421
3.092000,-0.587785,0.188684,-0.622632,11665
3.093000,-0.809017,0.090686,-0.818628,11821
3.094000,-0.951057,0.021961,-0.956077,11930
3.095000,-1.000000,0.000000,-1.000000,11932
3.096000,-0.951057,0.021114,-0.957773,11888
3.097000,-0.809017,0.085642,-0.828716,11875
3.098000,-0.587785,0.180007,-0.639986,11644
3.099000,-0.309017,0.314682,-0.370635,11456
3.100000,-0.000000,0.465247,-0.069506,11222
3.101000,0.309017,0.613645,0.227289,11008
3.102000,0.587785,0.770676,0.541353,10749
3.103000,0.809017,0.884833,0.769665,10628
3.104000,0.951057,0.968976,0.937952,10508
3.105000,1.000000,0.997423,0.994845,10476
3.106000,0.951057,0.972880,0.945760,10472
3.107000,0.809017,0.899048,0.798096,10609
3.108000,0.587785,0.778304,0.556607,10776
3.109000,0.309017,0.627063,0.254126,10967
3.110000,0.000000,0.477544,-0.044912,11222
3.111000,-0.309017,0.327833,-0.344334,11454
3.112000,-0.587785,0.179185,-0.641630,11703
3.113000,-0.809017,0.090425,-0.819151,11822
3.114000,-0.951057,0.021864,-0.956271,11983
3.115000,-1.000000,0.000000,-1.000000,12015
3.116000,-0.951057,0.020863,-0.958274,11983
3.117000,-0.809017,0.085372,-0.829256,11854
3.118000,-0.587785,0.179065,-0.641870,11722
3.119000,-0.309017,0.314557,-0.370886,11486
3.120000,-0.000000,0.460011,-0.079979,11228
3.121000,0.309017,0.618253,0.236505,11023
3.122000,0.587785,0.760044,0.520089,10802
3.123000,0.809017,0.883990,0.767980,10637
3.124000,0.951057,0.969132,0.938265,10464
3.125000,1.000000,0.997425,0.994851,10487
3.126000,0.951057,0.973246,0.946491,10503
3.127000,0.809017,0.898713,0.797425,10564
3.128000,0.587785,0.776207,0.552414,10751
3.129000,0.309017,0.627045,0.254089,11004
3.130000,0.000000,0.481287,-0.037426,11222
3.131000,-0.309017,0.315326,-0.369349,11458
3.132000,-0.587785,0.184217,-0.631565,11709
3.133000,-0.809017,0.090288,-0.819423,11862
3.134000,-0.951057,0.021705,-0.956591,11979
3.135000,-1.000000,0.000000,-1.000000,11983
3.136000,-0.951057,0.020713,-0.958573,11973
3.137000,-0.809017,0.082497,-0.835006,11855
3.138000,-0.587785,0.182331,-0.635337,11693
3.139000,-0.309017,0.320203,-0.359594,11424
3.140000,-0.000000,0.452978,-0.094044,11250
3.141000,0.309017,0.623971,0.247943,10938
3.142000,0.587785,0.760041,0.520082,10681
3.143000,0.809017,0.893557,0.787113,10569
3.144000,0.951057,0.964523,0.929047,10514
3.145000,1.000000,0.998759,0.997517,10472
3.146000,0.951057,0.976165,0.952330,11202
3.147000,0.809017,0.894484,0.788967,10605
3.148000,0.587785,0.783078,0.566155,10755
3.149000,0.309017,0.630855,0.261709,10974
3.150000,0.000000,0.467514,-0.064972,11174
3.151000,-0.309017,0.326718,-0.346564,11438
3.152000,-0.587785,0.188138,-0.623723,11651
3.153000,-0.809017,0.082221,-0.835559,11834
3.154000,-0.951057,0.025040,-0.949920,11901
3.155000,-1.000000,0.000000,-1.000000,11975
3.156000,-0.951057,0.021029,-0.957942,11936
3.157000,-0.809017,0.083447,-0.833106,11744
3.158000,-0.587785,0.187103,-0.625793,11662
3.159000,-0.309017,0.307672,-0.384656,11457
3.160000,-0.000000,0.464349,-0.071301,11220
3.161000,0.309017,0.614094,0.228189,10969
3.162000,0.587785,0.770194,0.540388,10783
3.163000,0.809017,0.878477,0.756955,10640
3.164000,0.951057,0.968414,0.936828,10511
3.165000,1.000000,0.998489,0.996978,10588
3.166000,0.951057,0.974342,0.948683,10406
3.167000,0.809017,0.897047,0.794094,9956
3.168000,0.587785,0.782736,0.565472,22185
3.169000,0.309017,0.631752,0.263503,9442
3.170000,0.000000,0.478931,-0.042138,9279
3.171000,-0.309017,0.331753,-0.336495,10544
3.172000,-0.587785,0.198443,-0.603114,10406
3.173000,-0.809017,0.088455,-0.823091,11260
3.174000,-0.951057,0.024276,-0.951448,10257
3.175000,-1.000000,0.000880,-0.998240,11363
3.176000,-0.951057,0.021842,-0.956317,11034
3.177000,-0.809017,0.084452,-0.831095,11616
3.178000,-0.587785,0.181249,-0.637501,11669
3.179000,-0.309017,0.310951,-0.378097,11542
3.180000,-0.000000,0.455998,-0.088004,11329
3.181000,0.309017,0.627270,0.254540,10957
3.182000,0.587785,0.760395,0.520791,10822
3.183000,0.809017,0.888292,0.776585,10617
3.184000,0.951057,0.965678,0.931356,10518
3.185000,1.000000,0.998644,0.997288,10323
3.186000,0.951057,0.974042,0.948084,10517
3.187000,0.809017,0.897605,0.795210,10606
3.188000,0.587785,0.775685,0.551370,10619
3.189000,0.309017,0.637581,0.275162,10979
3.190000,0.000000,0.466102,-0.067797,11092
3.191000,-0.309017,0.316753,-0.366493,11520
3.192000,-0.587785,0.190915,-0.618169,11602
3.193000,-0.809017,0.089894,-0.820211,11825
3.194000,-0.951057,0.021857,-0.956285,11941
3.195000,-1.000000,0.000000,-1.000000,11985
3.196000,-0.951057,0.021991,-0.956018,11914
3.197000,-0.809017,0.082707,-0.834586,11837
3.198000,-0.587785,0.182535,-0.634930,11669
3.199000,-0.309017,0.318857,-0.362286,11444
3.200000,-0.000000,0.456267,-0.087465,11193
3.201000,0.309017,0.624397,0.248795,10993
3.202000,0.587785,0.760612,0.521223,10790
3.203000,0.809017,0.889655,0.779310,10585
3.204000,0.951057,0.964146,0.928293,10515
3.205000,1.000000,0.998663,0.997326,10470
3.206000,0.951057,0.974195,0.948391,10502
3.207000,0.809017,0.897732,0.795463,10580
3.208000,0.587785,0.772921,0.545843,10776
3.209000,0.309017,0.636546,0.273092,10967
3.210000,0.000000,0.476360,-0.047279,11210
3.211000,-0.309017,0.313392,-0.373215,11417
3.212000,-0.587785,0.192354,-0.615292,11666
3.213000,-0.809017,0.086347,-0.827307,11836
3.214000,-0.951057,0.020961,-0.958078,11927
3.215000,-1.000000,0.000834,-0.998332,11994
3.216000,-0.951057,0.021725,-0.956551,11968
3.217000,-0.809017,0.081872,-0.836256,11860
3.218000,-0.587785,0.183533,-0.632933,11660
3.219000,-0.309017,0.317716,-0.364568,11419
3.220000,-0.000000,0.454497,-0.091007,11197
3.221000,0.309017,0.621447,0.242895,11013
3.222000,0.587785,0.761371,0.522742,10795
3.223000,0.809017,0.889997,0.779994,10627
3.224000,0.951057,0.964832,0.929664,10521
3.225000,1.000000,0.998659,0.997318,10439
3.226000,0.951057,0.974144,0.948289,10520
3.227000,0.809017,0.897380,0.794761,10612
3.228000,0.587785,0.771990,0.543980,10789
3.229000,0.309017,0.639120,0.278239,10951
3.230000,0.000000,0.474073,-0.051854,11243
3.231000,-0.309017,0.311316,-0.377368,11506
3.232000,-0.587785,0.193110,-0.613780,11698
3.233000,-0.809017,0.085557,-0.828886,11805
3.234000,-0.951057,0.020516,-0.958968,11942
3.235000,-1.000000,0.000998,-0.998005,12030
3.236000,-0.951057,0.021592,-0.956815,11995
3.237000,-0.809017,0.081641,-0.836718,11918
3.238000,-0.587785,0.183177,-0.633646,11710
3.239000,-0.309017,0.316363,-0.367274,11471
3.240000,-0.000000,0.457245,-0.085510,11215
3.241000,0.309017,0.610221,0.220442,11799
3.242000,0.587785,0.765703,0.531406,10794
3.243000,0.809017,0.883815,0.767630,10621
3.244000,0.951057,0.967905,0.935810,10469
3.245000,1.000000,0.998759,0.997518,10474
3.246000,0.951057,0.974374,0.948747,10497
3.247000,0.809017,0.893794,0.787587,10602
3.248000,0.587785,0.781662,0.563324,10699
3.249000,0.309017,0.631292,0.262583,10987
3.250000,0.000000,0.465723,-0.068554,11232
3.251000,-0.309017,0.328531,-0.342937,11384
3.252000,-0.587785,0.193954,-0.612091,11678
3.253000,-0.809017,0.083566,-0.832869,11835
3.254000,-0.951057,0.023006,-0.953988,11997
3.255000,-1.000000,0.001004,-0.997992,11951
3.256000,-0.951057,0.021710,-0.956580,11930
3.257000,-0.809017,0.081754,-0.836493,11816
3.258000,-0.587785,0.183477,-0.633046,11620
3.259000,-0.309017,0.310041,-0.379917,11363
3.260000,-0.000000,0.458387,-0.083225,10790
3.261000,0.309017,0.619201,0.238401,10885
3.262000,0.587785,0.763543,0.527086,12294
3.263000,0.809017,0.886537,0.773073,10250
3.264000,0.951057,0.969412,0.938824,9775
3.265000,1.000000,0.997641,0.995281,10172
3.266000,0.951057,0.975879,0.951759,9950
3.267000,0.809017,0.897934,0.795869,9876
3.268000,0.587785,0.777759,0.555518,17724
3.269000,0.309017,0.636173,0.272345,10472
3.270000,0.000000,0.483988,-0.032024,10461
3.271000,-0.309017,0.323999,-0.352001,11142
3.272000,-0.587785,0.191455,-0.617090,11188
3.273000,-0.809017,0.087391,-0.825218,12507
3.274000,-0.951057,0.024685,-0.950630,11910
3.275000,-1.000000,0.001037,-0.997927,11577
3.276000,-0.951057,0.021468,-0.957065,11692
3.277000,-0.809017,0.083116,-0.833768,11514
3.278000,-0.587785,0.186831,-0.626338,11588
3.279000,-0.309017,0.309277,-0.381447,11362
3.280000,-0.000000,0.458046,-0.083908,11167
3.281000,0.309017,0.624775,0.249549,10535
3.282000,0.587785,0.768060,0.536120,10382
3.283000,0.809017,0.888286,0.776572,11055
3.284000,0.951057,0.969531,0.939063,10437
3.285000,1.000000,0.998703,0.997405,10021
3.286000,0.951057,0.972421,0.944842,9645
3.287000,0.809017,0.896958,0.793917,12296
3.288000,0.587785,0.773747,0.547495,11496
3.289000,0.309017,0.633575,0.267150,10758
3.290000,0.000000,0.480294,-0.039413,11037
3.291000,-0.309017,0.324593,-0.350813,11556
3.292000,-0.587785,0.184618,-0.630764,11689
3.293000,-0.809017,0.084306,-0.831388,11826
3.294000,-0.951057,0.024613,-0.950773,12026
3.295000,-1.000000,0.000000,-1.000000,12004
3.296000,-0.951057,0.020751,-0.958497,11951
3.297000,-0.809017,0.083001,-0.833997,11795
3.298000,-0.587785,0.187666,-0.624668,11675
3.299000,-0.309017,0.305715,-0.388569,11478
3.300000,-0.000000,0.467659,-0.064683,11224
3.301000,0.309017,0.617072,0.234144,10942
3.302000,0.587785,0.766892,0.533784,10789
3.303000,0.809017,0.883511,0.767021,10619
3.304000,0.951057,0.967942,0.935884,10481
3.305000,1.000000,0.998758,0.997516,10469
3.306000,0.951057,0.974186,0.948371,10498
3.307000,0.809017,0.894127,0.788253,10607
3.308000,0.587785,0.783144,0.566288,10726
3.309000,0.309017,0.631056,0.262113,10980
3.310000,0.000000,0.465062,-0.069875,11220
3.311000,-0.309017,0.327212,-0.345575,11436
3.312000,-0.587785,0.188634,-0.622732,11631
3.313000,-0.809017,0.081791,-0.836417,11835
3.314000,-0.951057,0.024648,-0.950704,11928
3.315000,-1.000000,0.000000,-1.000000,11946
3.316000,-0.951057,0.021024,-0.957953,11939
3.317000,-0.809017,0.082925,-0.834150,11842
3.318000,-0.587785,0.186525,-0.626950,11666
3.319000,-0.309017,0.309011,-0.381977,11430
3.320000,-0.000000,0.465195,-0.069610,11234
3.321000,0.309017,0.609820,0.219641,11018
3.322000,0.587785,0.766391,0.532782,10646
3.323000,0.809017,0.886255,0.772510,10673
3.324000,0.951057,0.964306,0.928612,10534
3.325000,1.000000,0.998744,0.997489,10353
3.326000,0.951057,0.974497,0.948995,9999
3.327000,0.809017,0.897513,0.795026,10616
3.328000,0.587785,0.772496,0.544991,10791
3.329000,0.309017,0.638649,0.277297,10981
3.330000,0.000000,0.468187,-0.063625,11222
3.331000,-0.309017,0.311349,-0.377303,11508
3.332000,-0.587785,0.193587,-0.612826,11695
3.333000,-0.809017,0.085611,-0.828778,11891
3.334000,-0.951057,0.020955,-0.958090,11978
3.335000,-1.000000,0.000997,-0.998006,12037
3.336000,-0.951057,0.019635,-0.960729,12834
3.337000,-0.809017,0.082276,-0.835447,11984
3.338000,-0.587785,0.182764,-0.634473,11731
3.339000,-0.309017,0.314403,-0.371195,11498
3.340000,-0.000000,0.456991,-0.086019,11265
3.341000,0.309017,0.620153,0.240306,10986
3.342000,0.587785,0.760244,0.520488,10811
3.343000,0.809017,0.889412,0.778824,10616
3.344000,0.951057,0.964218,0.928435,10508
3.345000,1.000000,0.998654,0.997308,10402
3.346000,0.951057,0.974103,0.948205,10503
3.347000,0.809017,0.894032,0.788064,10607
3.348000,0.587785,0.774508,0.549016,10772
3.349000,0.309017,0.640062,0.280124,10938
3.350000,0.000000,0.464381,-0.071238,11230
3.351000,-0.309017,0.316290,-0.367420,11461
3.352000,-0.587785,0.194664,-0.610671,11620
3.353000,-0.809017,0.084259,-0.831483,11797
3.354000,-0.951057,0.020896,-0.958208,11342
3.355000,-1.000000,0.000000,-1.000000,11803
3.356000,-0.951057,0.020068,-0.959864,10863
3.357000,-0.809017,0.079137,-0.841725,11082
3.358000,-0.587785,0.179873,-0.640255,10513
3.359000,-0.309017,0.312660,-0.374681,10964
3.360000,-0.000000,0.459604,-0.080793,10694
3.361000,0.309017,0.624438,0.248876,10009
3.362000,0.587785,0.760448,0.520895,10098
3.363000,0.809017,0.881031,0.762063,9658
3.364000,0.951057,0.966366,0.932731,11179
3.365000,1.000000,0.997518,0.995036,10475
3.366000,0.951057,0.973947,0.947893,10325
3.367000,0.809017,0.898671,0.797343,10688
3.368000,0.587785,0.772837,0.545674,10772
3.369000,0.309017,0.634424,0.268849,10969
3.370000,0.000000,0.480083,-0.039835,11146
3.371000,-0.309017,0.312734,-0.374532,11473
3.372000,-0.587785,0.192139,-0.615721,11653
3.373000,-0.809017,0.086248,-0.827505,11838
3.374000,-0.951057,0.020905,-0.958190,11911
3.375000,-1.000000,0.000916,-0.998168,12007
3.376000,-0.951057,0.021725,-0.956551,12014
3.377000,-0.809017,0.082822,-0.834357,11724
3.378000,-0.587785,0.183279,-0.633442,11698
3.379000,-0.309017,0.306234,-0.387532,11501
3.380000,-0.000000,0.466376,-0.067248,11242
3.381000,0.309017,0.618079,0.236158,10963
3.382000,0.587785,0.762053,0.524107,10889
3.383000,0.809017,0.885440,0.770880,10632
3.384000,0.951057,0.969365,0.938731,10511
3.385000,1.000000,0.998660,0.997320,10447
3.386000,0.951057,0.973109,0.946218,10524
3.387000,0.809017,0.898586,0.797172,10610
3.388000,0.587785,0.772074,0.544149,10793
3.389000,0.309017,0.627831,0.255662,10420
3.390000,0.000000,0.480302,-0.039395,11245
3.391000,-0.309017,0.315029,-0.369942,11491
3.392000,-0.587785,0.185271,-0.629458,11637
3.393000,-0.809017,0.089854,-0.820293,11886
3.394000,-0.951057,0.021922,-0.956156,11997
3.395000,-1.000000,0.000000,-1.000000,11990
3.396000,-0.951057,0.020994,-0.958013,11956
3.397000,-0.809017,0.085507,-0.828985,11882
3.398000,-0.587785,0.178913,-0.642174,11704
3.399000,-0.309017,0.314323,-0.371354,11485
3.400000,-0.000000,0.462087,-0.075825,11210
3.401000,0.309017,0.616894,0.233787,11010
3.402000,0.587785,0.763207,0.526413,10790
3.403000,0.809017,0.884514,0.769027,10590
3.404000,0.951057,0.969160,0.938321,10506
3.405000,1.000000,0.997419,0.994838,10462
3.406000,0.951057,0.973027,0.946054,10492
3.407000,0.809017,0.899205,0.798410,10566
3.408000,0.587785,0.772613,0.545227,10779
3.409000,0.309017,0.628212,0.256424,10974
3.410000,0.000000,0.479964,-0.040072,11105
3.411000,-0.309017,0.326655,-0.346690,11480
3.412000,-0.587785,0.185525,-0.628951,11675
3.413000,-0.809017,0.084320,-0.831360,11824
3.414000,-0.951057,0.024796,-0.950408,11897
3.415000,-1.000000,0.000000,-1.000000,11986
3.416000,-0.951057,0.021048,-0.957904,11925
3.417000,-0.809017,0.082812,-0.834376,11834
3.418000,-0.587785,0.185109,-0.629782,10718
3.419000,-0.309017,0.306282,-0.387435,10585
3.420000,-0.000000,0.464939,-0.070122,10881
3.421000,0.309017,0.614654,0.229309,10427
3.422000,0.587785,0.760714,0.521429,10360
3.423000,0.809017,0.892404,0.784808,9926
3.424000,0.951057,0.963853,0.927706,10319
3.425000,1.000000,0.998620,0.997240,10146
3.426000,0.951057,0.972747,0.945494,10164
3.427000,0.809017,0.899166,0.798332,10433
3.428000,0.587785,0.783187,0.566373,10230
3.429000,0.309017,0.638990,0.277979,7720
3.430000,0.000000,0.467039,-0.065922,8768
3.431000,-0.309017,0.342736,-0.314528,10600
3.432000,-0.587785,0.187069,-0.625862,8414
3.433000,-0.809017,0.088415,-0.823171,8856
3.434000,-0.951057,0.021736,-0.956527,8143
3.435000,-1.000000,0.000466,-0.999069,8592
3.436000,-0.951057,0.023327,-0.953345,10074
3.437000,-0.809017,0.081515,-0.836969,8710
3.438000,-0.587785,0.179336,-0.641328,9485
3.439000,-0.309017,0.313095,-0.373810,8301
3.440000,-0.000000,0.466701,-0.066598,7823
3.441000,0.309017,0.621007,0.242014,7826
3.442000,0.587785,0.762078,0.524155,9087
3.443000,0.809017,0.877154,0.754308,7660
3.444000,0.951057,0.971315,0.942630,8541
3.445000,1.000000,0.997398,0.994795,6917
3.446000,0.951057,0.974244,0.948487,7338
3.447000,0.809017,0.892007,0.784014,6343
3.448000,0.587785,0.782124,0.564248,8973
3.449000,0.309017,0.626779,0.253558,8081
3.450000,0.000000,0.477222,-0.045555,8583
3.451000,-0.309017,0.355643,-0.288713,6335
3.452000,-0.587785,0.198771,-0.602458,7647
3.453000,-0.809017,0.089305,-0.821391,7536
3.454000,-0.951057,0.023199,-0.953602,12673
3.455000,-1.000000,0.001223,-0.997554,7360
3.456000,-0.951057,0.022370,-0.955260,7510
3.457000,-0.809017,0.082797,-0.834406,7150
3.458000,-0.587785,0.178437,-0.643126,6910
3.459000,-0.309017,0.310742,-0.378516,9812
3.460000,-0.000000,0.464566,-0.070868,10061
3.461000,0.309017,0.621162,0.242324,7882
3.462000,0.587785,0.763851,0.527702,8050
3.463000,0.809017,0.881047,0.762093,7835
3.464000,0.951057,0.968146,0.936292,7503
3.465000,1.000000,0.999088,0.998175,27402
3.466000,0.951057,0.974590,0.949180,10311
3.467000,0.809017,0.901944,0.803888,9464
3.468000,0.587785,0.780718,0.561436,10165
3.469000,0.309017,0.639413,0.278826,11448
3.470000,0.000000,0.478909,-0.042183,10739
3.471000,-0.309017,0.329912,-0.340176,10815
3.472000,-0.587785,0.193473,-0.613055,9805
3.473000,-0.809017,0.086960,-0.826079,11120
3.474000,-0.951057,0.022080,-0.955840,11549
3.475000,-1.000000,0.000000,-1.000000,11592
3.476000,-0.951057,0.020627,-0.958745,11829
3.477000,-0.809017,0.082936,-0.834127,11756
3.478000,-0.587785,0.183519,-0.632961,11116
3.479000,-0.309017,0.311131,-0.377739,11410
3.480000,-0.000000,0.464487,-0.071026,11010
3.481000,0.309017,0.607523,0.215046,10900
3.482000,0.587785,0.763691,0.527383,9915
3.483000,0.809017,0.878059,0.756117,7397
3.484000,0.951057,0.969414,0.938829,8043
3.485000,1.000000,0.996554,0.993108,7255
3.486000,0.951057,0.976464,0.952928,8625
3.487000,0.809017,0.895279,0.790558,8833
3.488000,0.587785,0.774334,0.548669,9616
3.489000,0.309017,0.622416,0.244831,9770
3.490000,0.000000,0.479385,-0.041230,8780
3.491000,-0.309017,0.315258,-0.369483,10604
3.492000,-0.587785,0.197186,-0.605627,8814
3.493000,-0.809017,0.094592,-0.810817,8764
3.494000,-0.951057,0.020808,-0.958383,10861
3.495000,-1.000000,0.000000,-1.000000,12068
3.496000,-0.951057,0.020830,-0.958340,12002
3.497000,-0.809017,0.082679,-0.834642,11720
3.498000,-0.587785,0.183012,-0.633975,11420
3.499000,-0.309017,0.310357,-0.379286,11461
3.500000,-0.000000,0.463241,-0.073517,10841
3.501000,0.309017,0.621696,0.243392,10933
3.502000,0.587785,0.756524,0.513048,10691
3.503000,0.809017,0.884535,0.769071,10592
3.504000,0.951057,0.968916,0.937833,10327
3.505000,1.000000,0.997314,0.994628,10425
3.506000,0.951057,0.973398,0.946795,10375
3.507000,0.809017,0.895862,0.791724,10246
3.508000,0.587785,0.778243,0.556485,10755
3.509000,0.309017,0.635070,0.270140,10824
3.510000,0.000000,0.465483,-0.069034,11154
3.511000,-0.309017,0.323300,-0.353400,9734
3.512000,-0.587785,0.188137,-0.623725,11768
3.513000,-0.809017,0.090584,-0.818832,11746
3.514000,-0.951057,0.022209,-0.955582,11887
3.515000,-1.000000,0.000000,-1.000000,11872
3.516000,-0.951057,0.020936,-0.958127,11941
3.517000,-0.809017,0.085978,-0.828044,11817
3.518000,-0.587785,0.181241,-0.637518,11344
3.519000,-0.309017,0.313968,-0.372065,11498
3.520000,-0.000000,0.464143,-0.071715,11225
3.521000,0.309017,0.614497,0.228994,11009
3.522000,0.587785,0.766597,0.533193,10484
3.523000,0.809017,0.884787,0.769575,10511
3.524000,0.951057,0.969223,0.938447,10495
3.525000,1.000000,0.997425,0.994849,10484
3.526000,0.951057,0.972217,0.944434,10438
3.527000,0.809017,0.903433,0.806866,11360
3.528000,0.587785,0.772900,0.545800,10797
3.529000,0.309017,0.627257,0.254514,10911
3.530000,0.000000,0.481415,-0.037169,11219
3.531000,-0.309017,0.313142,-0.373716,11490
3.532000,-0.587785,0.186431,-0.627139,11688
3.533000,-0.809017,0.090770,-0.818459,11799
3.534000,-0.951057,0.021848,-0.956304,11992
3.535000,-1.000000,0.000000,-1.000000,11971
3.536000,-0.951057,0.020896,-0.958209,12060
3.537000,-0.809017,0.085984,-0.828031,11851
3.538000,-0.587785,0.179034,-0.641931,11724
3.539000,-0.309017,0.314169,-0.371662,11497
3.540000,-0.000000,0.461505,-0.076990,11547
3.541000,0.309017,0.612547,0.225094,10871
3.542000,0.587785,0.760399,0.520799,10217
3.543000,0.809017,0.891724,0.783447,9799
3.544000,0.951057,0.965050,0.930099,10100
3.545000,1.000000,0.997452,0.994904,10205
3.546000,0.951057,0.975482,0.950964,9911
3.547000,0.809017,0.896315,0.792630,17476
3.548000,0.587785,0.785670,0.571340,9686
3.549000,0.309017,0.635918,0.271836,11827
3.550000,0.000000,0.487193,-0.025613,9292
3.551000,-0.309017,0.317518,-0.364965,10812
3.552000,-0.587785,0.188266,-0.623468,22686
3.553000,-0.809017,0.088015,-0.823969,12032
3.554000,-0.951057,0.020915,-0.958170,12001
3.555000,-1.000000,0.001000,-0.998000,12000
3.556000,-0.951057,0.022002,-0.955996,11908
3.557000,-0.809017,0.081514,-0.836972,11863
3.558000,-0.587785,0.183275,-0.633450,11671
3.559000,-0.309017,0.313220,-0.373559,11452
3.560000,-0.000000,0.457980,-0.084040,11197
3.561000,0.309017,0.617979,0.235957,11002
3.562000,0.587785,0.760263,0.520526,10791
3.563000,0.809017,0.889507,0.779014,10607
3.564000,0.951057,0.967683,0.935365,10335
3.565000,1.000000,0.998759,0.997518,10474
3.566000,0.951057,0.974567,0.949133,10498
3.567000,0.809017,0.893355,0.786710,10549
3.568000,0.587785,0.777101,0.554201,10664
3.569000,0.309017,0.637640,0.275280,10898
3.570000,0.000000,0.470311,-0.059378,11031
3.571000,-0.309017,0.319063,-0.361873,11446
3.572000,-0.587785,0.181337,-0.637327,11702
3.573000,-0.809017,0.090271,-0.819457,11831
3.574000,-0.951057,0.021685,-0.956631,11944
3.575000,-1.000000,0.000000,-1.000000,12011
3.576000,-0.951057,0.020736,-0.958528,11960
3.577000,-0.809017,0.083277,-0.833446,11840
3.578000,-0.587785,0.183673,-0.632653,11662
3.579000,-0.309017,0.310423,-0.379154,11494
3.580000,-0.000000,0.461497,-0.077005,11246
3.581000,0.309017,0.609851,0.219702,11024
3.582000,0.587785,0.769302,0.538604,10763
3.583000,0.809017,0.884211,0.768421,10640
3.584000,0.951057,0.968071,0.936142,10492
3.585000,1.000000,0.998765,0.997530,10526
3.586000,0.951057,0.974611,0.949222,10477
3.587000,0.809017,0.894034,0.788067,10626
3.588000,0.587785,0.782282,0.564564,10780
3.589000,0.309017,0.629110,0.258220,10979
3.590000,0.000000,0.463908,-0.072183,11263
3.591000,-0.309017,0.326362,-0.347277,11475
3.592000,-0.587785,0.187468,-0.625064,11714
3.593000,-0.809017,0.081724,-0.836552,11857
3.594000,-0.951057,0.024665,-0.950671,12001
3.595000,-1.000000,0.000000,-1.000000,12042
3.596000,-0.951057,0.021009,-0.957982,11995
3.597000,-0.809017,0.083598,-0.832805,11663
3.598000,-0.587785,0.185622,-0.628757,11712
3.599000,-0.309017,0.306890,-0.386219,11509
3.600000,-0.000000,0.461081,-0.077838,10766
3.601000,0.309017,0.612769,0.225537,11027
3.602000,0.587785,0.767164,0.534328,10793
3.603000,0.809017,0.881849,0.763698,10622
3.604000,0.951057,0.967782,0.935564,10460
3.605000,1.000000,0.998663,0.997326,10472
3.606000,0.951057,0.974095,0.948190,10500
3.607000,0.809017,0.893477,0.786953,10608
3.608000,0.587785,0.781908,0.563816,10734
3.609000,0.309017,0.623522,0.247044,10994
3.610000,0.000000,0.467445,-0.065111,11227
3.611000,-0.309017,0.327568,-0.344864,11448
3.612000,-0.587785,0.188838,-0.622324,11629
3.613000,-0.809017,0.081933,-0.836135,11839
3.614000,-0.951057,0.024558,-0.950884,11931
3.615000,-1.000000,0.000000,-1.000000,11946
3.616000,-0.951057,0.020846,-0.958309,11945
3.617000,-0.809017,0.083185,-0.833629,11829
3.618000,-0.587785,0.183198,-0.633605,11665
3.619000,-0.309017,0.311214,-0.377572,11423
3.620000,-0.000000,0.461963,-0.076073,11226
3.621000,0.309017,0.610137,0.220274,11009
3.622000,0.587785,0.770652,0.541303,10774
3.623000,0.809017,0.874547,0.749094,11311
3.624000,0.951057,0.969280,0.938561,10547
3.625000,1.000000,0.997423,0.994846,10477
3.626000,0.951057,0.972506,0.945012,10475
3.627000,0.809017,0.899472,0.798944,10604
3.628000,0.587785,0.772521,0.545041,10779
3.629000,0.309017,0.626594,0.253188,10980
3.630000,0.000000,0.479280,-0.041439,11173
3.631000,-0.309017,0.317092,-0.365815,11473
3.632000,-0.587785,0.183009,-0.633981,11677
3.633000,-0.809017,0.090479,-0.819042,11837
3.634000,-0.951057,0.022051,-0.955898,11927
3.635000,-1.000000,0.000000,-1.000000,12012
3.636000,-0.951057,0.020973,-0.958055,11968
3.637000,-0.809017,0.084945,-0.830111,11843
3.638000,-0.587785,0.179428,-0.641144,11715
3.639000,-0.309017,0.314415,-0.371170,11488
3.640000,-0.000000,0.459509,-0.080981,10842
3.641000,0.309017,0.618100,0.236201,10707
3.642000,0.587785,0.768463,0.536925,21733
3.643000,0.809017,0.879761,0.759523,10396
3.644000,0.951057,0.966015,0.932029,10122
3.645000,1.000000,0.997340,0.994680,9775
3.646000,0.951057,0.973836,0.947672,10587
3.647000,0.809017,0.906440,0.812880,9053
3.648000,0.587785,0.778098,0.556195,9378
3.649000,0.309017,0.633977,0.267954,10360
3.650000,0.000000,0.540762,0.081523,20166
3.651000,-0.309017,0.323302,-0.353397,11497
3.652000,-0.587785,0.192410,-0.615180,11647
3.653000,-0.809017,0.085642,-0.828716,11840
3.654000,-0.951057,0.020795,-0.958410,12022
3.655000,-1.000000,0.000999,-0.998002,12014
3.656000,-0.951057,0.022044,-0.955912,11976
3.657000,-0.809017,0.081707,-0.836586,11835
3.658000,-0.587785,0.183023,-0.633955,11698
3.659000,-0.309017,0.309849,-0.380301,11483
3.660000,-0.000000,0.460509,-0.078983,11205
3.661000,0.309017,0.615182,0.230364,11013
3.662000,0.587785,0.759844,0.519689,10793
3.663000,0.809017,0.889622,0.779244,10609
3.664000,0.951057,0.967825,0.935650,10474
3.665000,1.000000,0.998758,0.997516,10468
3.666000,0.951057,0.974423,0.948846,10400
3.667000,0.809017,0.898093,0.796185,10696
3.668000,0.587785,0.772021,0.544042,10751
3.669000,0.309017,0.633133,0.266266,10974
3.670000,0.000000,0.479950,-0.040100,11197
3.671000,-0.309017,0.310641,-0.378719,11428
3.672000,-0.587785,0.189050,-0.621900,11653
3.673000,-0.809017,0.090555,-0.818890,11816
3.674000,-0.951057,0.022032,-0.955935,11937
3.675000,-1.000000,0.000000,-1.000000,11951
3.676000,-0.951057,0.022120,-0.955760,11935
3.677000,-0.809017,0.082081,-0.835839,11842
3.678000,-0.587785,0.183586,-0.632828,11673
3.679000,-0.309017,0.314076,-0.371849,11424
3.680000,-0.000000,0.456243,-0.087513,11244
3.681000,0.309017,0.621764,0.243529,10972
3.682000,0.587785,0.761927,0.523853,10900
3.683000,0.809017,0.884554,0.769108,10637
3.684000,0.951057,0.968598,0.937197,10509
3.685000,1.000000,0.997328,0.994656,10480
3.686000,0.951057,0.972885,0.945770,10474
3.687000,0.809017,0.898417,0.796834,10612
3.688000,0.587785,0.777757,0.555514,10628
3.689000,0.309017,0.623966,0.247932,10999
3.690000,0.000000,0.478723,-0.042553,11186
3.691000,-0.309017,0.317593,-0.364814,11499
3.692000,-0.587785,0.181221,-0.637559,11715
3.693000,-0.809017,0.090166,-0.819668,11867
3.694000,-0.951057,0.022010,-0.955980,11949
3.695000,-1.000000,0.000000,-1.000000,12045
3.696000,-0.951057,0.020988,-0.958024,12007
3.697000,-0.809017,0.085688,-0.828624,11857
3.698000,-0.587785,0.178873,-0.642254,11729
3.699000,-0.309017,0.313945,-0.372109,11502
3.700000,-0.000000,0.452520,-0.094959,11268
3.701000,0.309017,0.622475,0.244950,10990
3.702000,0.587785,0.761711,0.523422,10802
3.703000,0.809017,0.886411,0.772821,10626
3.704000,0.951057,0.967349,0.934698,10505
3.705000,1.000000,0.998659,0.997318,10441
3.706000,0.951057,0.974012,0.948025,10505
3.707000,0.809017,0.897511,0.795022,10606
3.708000,0.587785,0.771261,0.542521,10724
3.709000,0.309017,0.633782,0.267565,10988
3.710000,0.000000,0.477706,-0.044587,11214
3.711000,-0.309017,0.311537,-0.376926,11485
3.712000,-0.587785,0.191504,-0.616992,11629
3.713000,-0.809017,0.085760,-0.828480,11847
3.714000,-0.951057,0.020919,-0.958162,11951
3.715000,-1.000000,0.001006,-0.997987,11924
3.716000,-0.951057,0.020617,-0.958766,11932
3.717000,-0.809017,0.085770,-0.828460,11834
3.718000,-0.587785,0.179174,-0.641652,12446
3.719000,-0.309017,0.302694,-0.394613,11434
3.720000,-0.000000,0.467719,-0.064562,11214
3.721000,0.309017,0.616441,0.232882,10997
3.722000,0.587785,0.765874,0.531749,10772
3.723000,0.809017,0.883198,0.766396,10582
3.724000,0.951057,0.968027,0.936055,10509
3.725000,1.000000,0.998758,0.997516,10469
3.726000,0.951057,0.974176,0.948351,10494
3.727000,0.809017,0.893448,0.786896,10577
3.728000,0.587785,0.783219,0.566437,10762
3.729000,0.309017,0.624067,0.248134,10986
3.730000,0.000000,0.474027,-0.051946,10896
3.731000,-0.309017,0.317766,-0.364468,11477
3.732000,-0.587785,0.186839,-0.626323,11625
3.733000,-0.809017,0.082154,-0.835692,11941
3.734000,-0.951057,0.024454,-0.951092,11900
3.735000,-1.000000,0.001000,-0.997999,11997
3.736000,-0.951057,0.021965,-0.956069,11336
3.737000,-0.809017,0.083427,-0.833147,11615
3.738000,-0.587785,0.183988,-0.632024,10767
3.739000,-0.309017,0.311804,-0.376392,10683
3.740000,-0.000000,0.457112,-0.085777,10026
3.741000,0.309017,0.619255,0.238511,10314
3.742000,0.587785,0.749675,0.499349,9987
3.743000,0.809017,0.886085,0.772171,9472
3.744000,0.951057,0.965496,0.930991,9564
3.745000,1.000000,0.998773,0.997546,9778
3.746000,0.951057,0.973799,0.947597,9885
3.747000,0.809017,0.899851,0.799701,10714
3.748000,0.587785,0.778798,0.557596,10565
3.749000,0.309017,0.625599,0.251199,11055
3.750000,0.000000,0.464996,-0.070007,11256
3.751000,-0.309017,0.326921,-0.346157,11489
3.752000,-0.587785,0.187527,-0.624947,11689
3.753000,-0.809017,0.081646,-0.836707,11905
3.754000,-0.951057,0.024852,-0.950296,11991
3.755000,-1.000000,0.000000,-1.000000,12048
3.756000,-0.951057,0.020914,-0.958173,11954
3.757000,-0.809017,0.082520,-0.834960,11888
3.758000,-0.587785,0.185056,-0.629889,11710
3.759000,-0.309017,0.307565,-0.384870,11500
3.760000,-0.000000,0.461792,-0.076416,11228
3.761000,0.309017,0.609942,0.219884,11024
3.762000,0.587785,0.769509,0.539018,10790
3.763000,0.809017,0.884321,0.768642,10581
3.764000,0.951057,0.968574,0.937148,10469
3.765000,1.000000,0.998663,0.997326,10473
3.766000,0.951057,0.974100,0.948200,10502
3.767000,0.809017,0.893647,0.787294,10578
3.768000,0.587785,0.781531,0.563063,10775
3.769000,0.309017,0.631248,0.262497,10983
3.770000,0.000000,0.465313,-0.069374,11229
3.771000,-0.309017,0.321131,-0.357737,11419
3.772000,-0.587785,0.193770,-0.612460,11653
3.773000,-0.809017,0.082988,-0.834023,11833
3.774000,-0.951057,0.023611,-0.952777,11901
3.775000,-1.000000,0.000000,-1.000000,11979
3.776000,-0.951057,0.020970,-0.958061,11922
3.777000,-0.809017,0.082981,-0.834038,11834
3.778000,-0.587785,0.187473,-0.625054,11623
3.779000,-0.309017,0.305815,-0.388371,11471
3.780000,-0.000000,0.468165,-0.063670,11214
3.781000,0.309017,0.611253,0.222506,10948
3.782000,0.587785,0.768992,0.537985,10649
3.783000,0.809017,0.879846,0.759691,10628
3.784000,0.951057,0.967846,0.935693,10512
3.785000,1.000000,0.998656,0.997311,10414
3.786000,0.951057,0.974007,0.948015,10503
3.787000,0.809017,0.894583,0.789166,10615
3.788000,0.587785,0.782540,0.565080,10756
3.789000,0.309017,0.622946,0.245893,10956
3.790000,0.000000,0.469860,-0.060280,11231
3.791000,-0.309017,0.327804,-0.344391,11455
3.792000,-0.587785,0.185616,-0.628767,11680
3.793000,-0.809017,0.084673,-0.830655,11822
3.794000,-0.951057,0.024908,-0.950184,11964
3.795000,-1.000000,0.000000,-1.000000,12017
3.796000,-0.951057,0.020790,-0.958420,11977
3.797000,-0.809017,0.085499,-0.829003,11930
3.798000,-0.587785,0.185018,-0.629965,11707
3.799000,-0.309017,0.308623,-0.382755,11493
3.800000,-0.000000,0.460018,-0.079964,11230
3.801000,0.309017,0.609456,0.218911,11041
3.802000,0.587785,0.770429,0.540859,10781
3.803000,0.809017,0.879779,0.759559,10697
3.804000,0.951057,0.968517,0.937035,10482
3.805000,1.000000,0.998756,0.997512,10451
3.806000,0.951057,0.974020,0.948040,10508
3.807000,0.809017,0.893513,0.787026,10621
3.808000,0.587785,0.781491,0.562983,10741
3.809000,0.309017,0.629667,0.259333,11009
3.810000,0.000000,0.463794,-0.072412,11255
3.811000,-0.309017,0.319244,-0.361512,11427
3.812000,-0.587785,0.193910,-0.612180,11691
3.813000,-0.809017,0.091696,-0.816608,12705
3.814000,-0.951057,0.024705,-0.950591,12022
3.815000,-1.000000,0.000000,-1.000000,11992
3.816000,-0.951057,0.020953,-0.958093,11979
3.817000,-0.809017,0.082680,-0.834640,11865
3.818000,-0.587785,0.180614,-0.638773,11699
3.819000,-0.309017,0.310495,-0.379009,11443
3.820000,-0.000000,0.465907,-0.068186,11234
3.821000,0.309017,0.612060,0.224119,11012
3.822000,0.587785,0.766334,0.532668,10729
3.823000,0.809017,0.885144,0.770288,10622
3.824000,0.951057,0.969250,0.938500,10504
3.825000,1.000000,0.997420,0.994840,10465
3.826000,0.951057,0.972753,0.945507,10460
3.827000,0.809017,0.898812,0.797624,10604
3.828000,0.587785,0.778067,0.556134,10760
3.829000,0.309017,0.623998,0.247996,10976
3.830000,0.000000,0.479251,-0.041499,11157
3.831000,-0.309017,0.319221,-0.361557,11456
3.832000,-0.587785,0.181374,-0.637252,11672
3.833000,-0.809017,0.089506,-0.820987,12055
3.834000,-0.951057,0.025079,-0.949843,11763
3.835000,-1.000000,0.000000,-1.000000,11318
3.836000,-0.951057,0.021703,-0.956594,13316
3.837000,-0.809017,0.085139,-0.829722,36552
3.838000,-0.587785,0.180697,-0.638606,10299
3.839000,-0.309017,0.313079,-0.373843,10368
3.840000,-0.000000,0.467270,-0.065461,10174
3.841000,0.309017,0.599258,0.198515,9969
3.842000,0.587785,0.767519,0.535039,10788
3.843000,0.809017,0.890433,0.780866,10505
3.844000,0.951057,0.964455,0.928910,10550
3.845000,1.000000,0.998655,0.997310,10407
3.846000,0.951057,0.974381,0.948762,10539
3.847000,0.809017,0.897487,0.794973,10623
3.848000,0.587785,0.772260,0.544520,10793
3.849000,0.309017,0.626482,0.252964,10966
3.850000,0.000000,0.481165,-0.037670,11229
3.851000,-0.309017,0.313521,-0.372958,11508
3.852000,-0.587785,0.182036,-0.635928,11690
3.853000,-0.809017,0.090276,-0.819448,11775
3.854000,-0.951057,0.021833,-0.956333,12000
3.855000,-1.000000,0.000000,-1.000000,12047
3.856000,-0.951057,0.021155,-0.957691,11865
3.857000,-0.809017,0.084642,-0.830715,11968
3.858000,-0.587785,0.178702,-0.642595,11729
3.859000,-0.309017,0.314065,-0.371871,11504
3.860000,-0.000000,0.459505,-0.080990,11236
3.861000,0.309017,0.613900,0.227800,11036
3.862000,0.587785,0.765469,0.530937,10796
3.863000,0.809017,0.884171,0.768342,10127
3.864000,0.951057,0.969175,0.938350,10511
3.865000,1.000000,0.997422,0.994843,10472
3.866000,0.951057,0.973343,0.946687,10504
3.867000,0.809017,0.898600,0.797200,10572
3.868000,0.587785,0.777675,0.555349,10777
3.869000,0.309017,0.623636,0.247273,11000
3.870000,0.000000,0.477966,-0.044068,11210
3.871000,-0.309017,0.323882,-0.352236,11427
3.872000,-0.587785,0.179414,-0.641171,11610
3.873000,-0.809017,0.089536,-0.820928,11783
3.874000,-0.951057,0.021761,-0.956478,11948
3.875000,-1.000000,0.000000,-1.000000,11917
3.876000,-0.951057,0.021011,-0.957978,11946
3.877000,-0.809017,0.086012,-0.827977,11824
3.878000,-0.587785,0.176223,-0.647554,11633
3.879000,-0.309017,0.315031,-0.369937,11456
3.880000,-0.000000,0.458196,-0.083608,11231
3.881000,0.309017,0.620963,0.241925,10991
3.882000,0.587785,0.758922,0.517844,10760
3.883000,0.809017,0.885319,0.770637,10612
3.884000,0.951057,0.969357,0.938713,10508
3.885000,1.000000,0.998661,0.997323,10459
3.886000,0.951057,0.974109,0.948218,10467
3.887000,0.809017,0.897803,0.795607,10607
3.888000,0.587785,0.772829,0.545657,10776
3.889000,0.309017,0.629203,0.258406,10944
3.890000,0.000000,0.482232,-0.035536,11200
3.891000,-0.309017,0.312511,-0.374978,11462
3.892000,-0.587785,0.187575,-0.624850,11670
3.893000,-0.809017,0.088520,-0.822961,11794
3.894000,-0.951057,0.021906,-0.956187,11960
3.895000,-1.000000,0.000000,-1.000000,11976
3.896000,-0.951057,0.020854,-0.958292,12036
3.897000,-0.809017,0.083678,-0.832644,11843
3.898000,-0.587785,0.179879,-0.640242,11719
3.899000,-0.309017,0.313311,-0.373379,11487
3.900000,-0.000000,0.463793,-0.072415,11227
3.901000,0.309017,0.610890,0.221779,11038
3.902000,0.587785,0.769494,0.538989,10798
3.903000,0.809017,0.884178,0.768356,10637
3.904000,0.951057,0.969590,0.939179,10457
3.905000,1.000000,0.997426,0.994852,10489
3.906000,0.951057,0.972693,0.945385,10510
3.907000,0.809017,0.898813,0.797626,10614
3.908000,0.587785,0.777401,0.554802,11496
3.909000,0.309017,0.630569,0.261137,11044
3.910000,0.000000,0.480602,-0.038797,11238
3.911000,-0.309017,0.310579,-0.378842,11485
3.912000,-0.587785,0.184819,-0.630362,11725
3.913000,-0.809017,0.090159,-0.819682,11879
3.914000,-0.951057,0.021832,-0.956337,12001
3.915000,-1.000000,0.000000,-1.000000,12010
3.916000,-0.951057,0.020927,-0.958146,11994
3.917000,-0.809017,0.083951,-0.832098,11876
3.918000,-0.587785,0.180475,-0.639050,11708
3.919000,-0.309017,0.317706,-0.364589,11454
3.920000,-0.000000,0.450883,-0.098234,11269
3.921000,0.309017,0.625250,0.250500,10994
3.922000,0.587785,0.759288,0.518577,10793
3.923000,0.809017,0.884047,0.768093,10280
3.924000,0.951057,0.968610,0.937221,10067
3.925000,1.000000,0.997256,0.994512,9839
3.926000,0.951057,0.974816,0.949632,10046
3.927000,0.809017,0.902293,0.804586,9856
3.928000,0.587785,0.779330,0.558659,10382
3.929000,0.309017,0.628518,0.257036,10660
3.930000,0.000000,0.478305,-0.043391,9933
3.931000,-0.309017,0.321952,-0.356097,9899
3.932000,-0.587785,0.191270,-0.617461,10263
3.933000,-0.809017,0.088097,-0.823807,10182
3.934000,-0.951057,0.021431,-0.957138,12552
3.935000,-1.000000,0.000955,-0.998091,11523
3.936000,-0.951057,0.020023,-0.959954,10388
3.937000,-0.809017,0.080519,-0.838962,10631
3.938000,-0.587785,0.182507,-0.634986,10690
3.939000,-0.309017,0.315943,-0.368114,9258
3.940000,-0.000000,0.458195,-0.083609,7248
3.941000,0.309017,0.609254,0.218509,8169
3.942000,0.587785,0.752174,0.504348,8740
3.943000,0.809017,0.890924,0.781848,9883
3.944000,0.951057,0.968264,0.936528,9516
3.945000,1.000000,0.997720,0.995441,10089
3.946000,0.951057,0.974000,0.948000,10000
3.947000,0.809017,0.897821,0.795643,9180
3.948000,0.587785,0.781397,0.562794,9977
3.949000,0.309017,0.626023,0.252046,11121
3.950000,0.000000,0.480979,-0.038043,11198
3.951000,-0.309017,0.312423,-0.375154,11398
3.952000,-0.587785,0.181075,-0.637850,11741
3.953000,-0.809017,0.088850,-0.822300,11480
3.954000,-0.951057,0.023639,-0.952723,11845
3.955000,-1.000000,0.000000,-1.000000,11942
3.956000,-0.951057,0.020924,-0.958152,11948
3.957000,-0.809017,0.082989,-0.834021,11869
3.958000,-0.587785,0.178119,-0.643763,11672
3.959000,-0.309017,0.311436,-0.377129,11508
3.960000,-0.000000,0.467544,-0.064912,11169
3.961000,0.309017,0.609814,0.219627,11046
3.962000,0.587785,0.768261,0.536522,10706
3.963000,0.809017,0.884416,0.768833,10633
3.964000,0.951057,0.968804,0.937607,10514
3.965000,1.000000,0.997328,0.994655,10478
3.966000,0.951057,0.973462,0.946923,10400
3.967000,0.809017,0.898691,0.797383,10621
3.968000,0.587785,0.777736,0.555473,10762
3.969000,0.309017,0.624393,0.248787,10716
3.970000,0.000000,0.467765,-0.064470,11292
3.971000,-0.309017,0.325962,-0.348076,11486
3.972000,-0.587785,0.187602,-0.624797,11695
3.973000,-0.809017,0.078719,-0.842561,11776
3.974000,-0.951057,0.024720,-0.950560,11974
3.975000,-1.000000,0.000000,-1.000000,12016
3.976000,-0.951057,0.020905,-0.958190,11959
3.977000,-0.809017,0.080268,-0.839464,11798
3.978000,-0.587785,0.185344,-0.629313,11681
3.979000,-0.309017,0.308061,-0.383878,11475
3.980000,-0.000000,0.464158,-0.071684,11188
3.981000,0.309017,0.610460,0.220921,11013
3.982000,0.587785,0.770230,0.540460,10776
3.983000,0.809017,0.879413,0.758825,10623
3.984000,0.951057,0.969228,0.938456,10464
3.985000,1.000000,0.998659,0.997319,10443
3.986000,0.951057,0.974444,0.948888,10565
3.987000,0.809017,0.893779,0.787559,10610
3.988000,0.587785,0.784429,0.568858,10725
3.989000,0.309017,0.631469,0.262937,10976
3.990000,0.000000,0.464747,-0.070505,11219
3.991000,-0.309017,0.324360,-0.351280,11404
3.992000,-0.587785,0.193355,-0.613290,11678
3.993000,-0.809017,0.085384,-0.829232,11337
3.994000,-0.951057,0.021243,-0.957514,11957
3.995000,-1.000000,0.000336,-0.999329,11922
3.996000,-0.951057,0.021077,-0.957845,11956
3.997000,-0.809017,0.083530,-0.832939,11840
3.998000,-0.587785,0.182122,-0.635756,11668
3.999000,-0.309017,0.309620,-0.380761,11175
4.000000,-0.000000,0.464610,-0.070781,11246
4.001000,0.309017,0.617070,0.234140,10908
4.002000,0.587785,0.763182,0.526365,10696
4.003000,0.809017,0.890372,0.780745,10636
4.004000,0.951057,0.962507,0.925013,11282
4.005000,1.000000,0.998668,0.997337,10514
4.006000,0.951057,0.975296,0.950591,10484
4.007000,0.809017,0.893835,0.787671,10625
4.008000,0.587785,0.775399,0.550797,10788
4.009000,0.309017,0.637084,0.274167,10986
4.010000,0.000000,0.465858,-0.068283,11218
4.011000,-0.309017,0.316842,-0.366316,11501
4.012000,-0.587785,0.193708,-0.612583,11698
4.013000,-0.809017,0.085360,-0.829281,11844
4.014000,-0.951057,0.020889,-0.958222,12016
4.015000,-1.000000,0.000996,-0.998008,12046
4.016000,-0.951057,0.021828,-0.956344,12003
4.017000,-0.809017,0.081063,-0.837874,11855
4.018000,-0.587785,0.183067,-0.633865,11717
4.019000,-0.309017,0.305092,-0.389816,11508
4.020000,-0.000000,0.466916,-0.066169,11244
4.021000,0.309017,0.617709,0.235417,10989
4.022000,0.587785,0.763679,0.527358,10600
4.023000,0.809017,0.887806,0.775612,10259
4.024000,0.951057,0.965669,0.931337,10020
4.025000,1.000000,1.000000,1.000000,9855
4.026000,0.951057,0.973412,0.946823,10230
4.027000,0.809017,0.894793,0.789586,45748
4.028000,0.587785,0.779541,0.559083,10206
4.029000,0.309017,0.631997,0.263994,25690
4.030000,0.000000,0.469177,-0.061646,10544
4.031000,-0.309017,0.322866,-0.354267,10955
4.032000,-0.587785,0.189972,-0.620055,11628
4.033000,-0.809017,0.086100,-0.827800,11777
4.034000,-0.951057,0.024034,-0.951931,11858
4.035000,-1.000000,0.000000,-1.000000,11975
4.036000,-0.951057,0.020931,-0.958139,11992
4.037000,-0.809017,0.085038,-0.829924,11536
4.038000,-0.587785,0.179265,-0.641469,11681
4.039000,-0.309017,0.315514,-0.368973,11448
4.040000,-0.000000,0.455322,-0.089356,11236
4.041000,0.309017,0.625652,0.251304,10931
4.042000,0.587785,0.758241,0.516481,10800
4.043000,0.809017,0.884996,0.769992,10617
4.044000,0.951057,0.969163,0.938327,10507
4.045000,1.000000,0.997418,0.994837,10459
4.046000,0.951057,0.974041,0.948081,10555
4.047000,0.809017,0.894176,0.788353,10612
4.048000,0.587785,0.783227,0.566453,10767
4.049000,0.309017,0.626813,0.253625,10965
4.050000,0.000000,0.464845,-0.070310,11236
4.051000,-0.309017,0.327723,-0.344554,11467
4.052000,-0.587785,0.188365,-0.623271,11637
4.053000,-0.809017,0.081609,-0.836783,11886
4.054000,-0.951057,0.024718,-0.950564,11975
4.055000,-1.000000,0.000000,-1.000000,12021
4.056000,-0.951057,0.020931,-0.958138,11944
4.057000,-0.809017,0.082611,-0.834778,11766
4.058000,-0.587785,0.185983,-0.628034,11700
4.059000,-0.309017,0.307024,-0.385953,11504
4.060000,-0.000000,0.466346,-0.067309,11217
4.061000,0.309017,0.609617,0.219234,11043
4.062000,0.587785,0.769822,0.539644,10796
4.063000,0.809017,0.881060,0.762120,10602
4.064000,0.951057,0.967770,0.935539,10518
4.065000,1.000000,0.998664,0.997327,10476
4.066000,0.951057,0.973068,0.946136,10508
4.067000,0.809017,0.898100,0.796200,10579
4.068000,0.587785,0.780569,0.561138,10787
4.069000,0.309017,0.623137,0.246274,11004
4.070000,0.000000,0.469511,-0.060978,11250
4.071000,-0.309017,0.328233,-0.343534,11437
4.072000,-0.587785,0.186251,-0.627498,11710
4.073000,-0.809017,0.083059,-0.833882,11847
4.074000,-0.951057,0.024797,-0.950406,11937
4.075000,-1.000000,0.000000,-1.000000,12057
4.076000,-0.951057,0.020786,-0.958427,11979
4.077000,-0.809017,0.082968,-0.834064,11860
4.078000,-0.587785,0.188514,-0.622972,11649
4.079000,-0.309017,0.305776,-0.388448,11479
4.080000,-0.000000,0.466963,-0.066073,11230
4.081000,0.309017,0.612352,0.224705,11010
4.082000,0.587785,0.771729,0.543458,10746
4.083000,0.809017,0.881362,0.762725,10629
4.084000,0.951057,0.967834,0.935668,10508
4.085000,1.000000,0.998757,0.997515,10461
4.086000,0.951057,0.974051,0.948102,10482
4.087000,0.809017,0.893854,0.787707,10608
4.088000,0.587785,0.783872,0.567743,10776
4.089000,0.309017,0.637777,0.275553,10938
4.090000,0.000000,0.465824,-0.068352,11236
4.091000,-0.309017,0.321382,-0.357237,11435
4.092000,-0.587785,0.194318,-0.611364,11651
4.093000,-0.809017,0.086112,-0.827776,11787
4.094000,-0.951057,0.021193,-0.957614,11938
4.095000,-1.000000,0.001003,-0.997994,11965
4.096000,-0.951057,0.020938,-0.958124,11940
4.097000,-0.809017,0.083114,-0.833771,11803
4.098000,-0.587785,0.188164,-0.623672,11676
4.099000,-0.309017,0.300138,-0.399723,12281
4.100000,-0.000000,0.468258,-0.063485,11231
4.101000,0.309017,0.610340,0.220680,11025
4.102000,0.587785,0.770165,0.540330,10786
4.103000,0.809017,0.884485,0.768970,10622
4.104000,0.951057,0.969971,0.939942,10290
4.105000,1.000000,0.997328,0.994655,10478
4.106000,0.951057,0.973156,0.946311,10505
4.107000,0.809017,0.899001,0.798003,10614
4.108000,0.587785,0.783940,0.567880,10710
4.109000,0.309017,0.623127,0.246253,11009
4.110000,0.000000,0.475923,-0.048153,11235
4.111000,-0.309017,0.328409,-0.343182,11440
4.112000,-0.587785,0.180942,-0.638116,11722
4.113000,-0.809017,0.087886,-0.824228,11879
4.114000,-0.951057,0.021799,-0.956402,11606
4.115000,-1.000000,0.000936,-0.998128,11755
4.116000,-0.951057,0.022025,-0.955949,11396
4.117000,-0.809017,0.081545,-0.836910,10718
4.118000,-0.587785,0.182079,-0.635842,11506
4.119000,-0.309017,0.318879,-0.362242,10954
4.120000,-0.000000,0.457860,-0.084281,11082
4.121000,0.309017,0.625286,0.250572,11801
4.122000,0.587785,0.767519,0.535038,9975
4.123000,0.809017,0.879791,0.759582,9941
4.124000,0.951057,0.965024,0.930047,9778
4.125000,1.000000,0.997218,0.994436,9346
4.126000,0.951057,0.974938,0.949876,10494
4.127000,0.809017,0.894966,0.789933,10549
4.128000,0.587785,0.779644,0.559287,10778
4.129000,0.309017,0.638995,0.277991,10950
4.130000,0.000000,0.465938,-0.068123,11259
4.131000,-0.309017,0.314704,-0.370593,11487
4.132000,-0.587785,0.193975,-0.612050,11651
4.133000,-0.809017,0.086162,-0.827677,11815
4.134000,-0.951057,0.020807,-0.958385,12015
4.135000,-1.000000,0.000918,-0.998163,11978
4.136000,-0.951057,0.022012,-0.955976,11948
4.137000,-0.809017,0.082048,-0.835904,11798
4.138000,-0.587785,0.183507,-0.632985,11678
4.139000,-0.309017,0.313804,-0.372392,11453
4.140000,-0.000000,0.461442,-0.077116,11191
4.141000,0.309017,0.618433,0.236866,11002
4.142000,0.587785,0.760519,0.521038,10790
4.143000,0.809017,0.889758,0.779516,10613
4.144000,0.951057,0.964189,0.928379,10388
4.145000,1.000000,0.998668,0.997336,10511
4.146000,0.951057,0.973160,0.946320,10544
4.147000,0.809017,0.898981,0.797963,10602
4.148000,0.587785,0.777281,0.554562,10731
4.149000,0.309017,0.625978,0.251956,10994
4.150000,0.000000,0.481595,-0.036811,11138
4.151000,-0.309017,0.318394,-0.363212,11357
4.152000,-0.587785,0.182621,-0.634759,11669
4.153000,-0.809017,0.090533,-0.818935,11830
4.154000,-0.951057,0.021936,-0.956129,11944
4.155000,-1.000000,0.000000,-1.000000,11910
4.156000,-0.951057,0.020976,-0.958048,11966
4.157000,-0.809017,0.085830,-0.828340,11849
4.158000,-0.587785,0.179472,-0.641056,11701
4.159000,-0.309017,0.316319,-0.367361,11422
4.160000,-0.000000,0.451996,-0.096007,11270
4.161000,0.309017,0.625897,0.251795,11005
4.162000,0.587785,0.761838,0.523677,10770
4.163000,0.809017,0.888220,0.776440,10628
4.164000,0.951057,0.965887,0.931775,10524
4.165000,1.000000,0.998663,0.997326,10470
4.166000,0.951057,0.974232,0.948463,10478
4.167000,0.809017,0.897421,0.794843,10626
4.168000,0.587785,0.771704,0.543408,10793
4.169000,0.309017,0.635660,0.271321,10987
4.170000,0.000000,0.476879,-0.046242,11202
4.171000,-0.309017,0.311436,-0.377129,11508
4.172000,-0.587785,0.192581,-0.614839,11699
4.173000,-0.809017,0.083397,-0.833205,11691
4.174000,-0.951057,0.024742,-0.950516,12004
4.175000,-1.000000,0.000000,-1.000000,12035
4.176000,-0.951057,0.020939,-0.958121,11987
4.177000,-0.809017,0.082813,-0.834373,11858
4.178000,-0.587785,0.187116,-0.625769,11704
4.179000,-0.309017,0.305512,-0.388976,11502
4.180000,-0.000000,0.464584,-0.070831,11238
4.181000,0.309017,0.612133,0.224267,10978
4.182000,0.587785,0.769851,0.539702,10793
4.183000,0.809017,0.879093,0.758186,10628
4.184000,0.951057,0.969056,0.938113,10503
4.185000,1.000000,0.997787,0.995574,10392
4.186000,0.951057,0.972677,0.945354,10504
4.187000,0.809017,0.898802,0.797604,10603
4.188000,0.587785,0.779372,0.558744,10733
4.189000,0.309017,0.623704,0.247408,10994
4.190000,0.000000,0.473595,-0.052810,11210
4.191000,-0.309017,0.328061,-0.343878,11443
4.192000,-0.587785,0.184125,-0.631751,11628
4.193000,-0.809017,0.086339,-0.827321,11837
4.194000,-0.951057,0.027088,-0.945823,12773
4.195000,-1.000000,0.000000,-1.000000,11989
4.196000,-0.951057,0.020945,-0.958109,11888
4.197000,-0.809017,0.083164,-0.833671,11832
4.198000,-0.587785,0.182457,-0.635085,11663
4.199000,-0.309017,0.320508,-0.358983,11410
4.200000,-0.000000,0.453542,-0.092916,11236
4.201000,0.309017,0.623931,0.247862,10990
4.202000,0.587785,0.760082,0.520163,10787
4.203000,0.809017,0.889214,0.778429,10579
4.204000,0.951057,0.964238,0.928476,10514
4.205000,1.000000,0.998663,0.997325,10468
4.206000,0.951057,0.973998,0.947995,10499
4.207000,0.809017,0.897458,0.794915,10581
4.208000,0.587785,0.772584,0.545168,10782
4.209000,0.309017,0.639388,0.278775,10973
4.210000,0.000000,0.467697,-0.064605,11191
4.211000,-0.309017,0.313387,-0.373225,11481
4.212000,-0.587785,0.194475,-0.611049,11657
4.213000,-0.809017,0.085830,-0.828340,11849
4.214000,-0.951057,0.020635,-0.958730,11437
4.215000,-1.000000,0.000913,-0.998173,12042
4.216000,-0.951057,0.020701,-0.958599,12705
4.217000,-0.809017,0.083591,-0.832818,11317
4.218000,-0.587785,0.185464,-0.629072,13016
4.219000,-0.309017,0.307628,-0.384744,10763
4.220000,-0.000000,0.471883,-0.056234,9994
4.221000,0.309017,0.624666,0.249333,18357
4.222000,0.587785,0.762489,0.524978,10109
4.223000,0.809017,0.880801,0.761603,9782
4.224000,0.951057,0.968561,0.937121,20802
4.225000,1.000000,0.998049,0.996098,10250
4.226000,0.951057,0.975194,0.950388,9917
4.227000,0.809017,0.899407,0.798814,10627
4.228000,0.587785,0.777788,0.555576,10787
4.229000,0.309017,0.623057,0.246113,10999
4.230000,0.000000,0.480363,-0.039274,11127
4.231000,-0.309017,0.326573,-0.346854,11489
4.232000,-0.587785,0.180615,-0.638770,11710
4.233000,-0.809017,0.089130,-0.821740,11803
4.234000,-0.951057,0.024808,-0.950384,11972
4.235000,-1.000000,0.000000,-1.000000,11996
4.236000,-0.951057,0.020757,-0.958486,11996
4.237000,-0.809017,0.085321,-0.829358,11697
4.238000,-0.587785,0.186481,-0.627038,11776
4.239000,-0.309017,0.305969,-0.388061,11475
4.240000,-0.000000,0.467611,-0.064778,11223
4.241000,0.309017,0.615117,0.230234,10915
4.242000,0.587785,0.767009,0.534019,10700
4.243000,0.809017,0.882403,0.764806,10621
4.244000,0.951057,0.968013,0.936026,10473
4.245000,1.000000,0.998813,0.997626,10950
4.246000,0.951057,0.974359,0.948718,10491
4.247000,0.809017,0.894132,0.788264,10617
4.248000,0.587785,0.782087,0.564175,10674
4.249000,0.309017,0.633643,0.267285,10992
4.250000,0.000000,0.466816,-0.066369,11180
4.251000,-0.309017,0.318839,-0.362321,11476
4.252000,-0.587785,0.195025,-0.609950,11578
4.253000,-0.809017,0.084842,-0.830316,11987
4.254000,-0.951057,0.021798,-0.956404,11836
4.255000,-1.000000,0.000000,-1.000000,11817
4.256000,-0.951057,0.020816,-0.958368,12010
4.257000,-0.809017,0.082603,-0.834794,11864
4.258000,-0.587785,0.184402,-0.631196,11681
4.259000,-0.309017,0.310806,-0.378388,11438
4.260000,-0.000000,0.464254,-0.071492,11246
4.261000,0.309017,0.609860,0.219720,11014
4.262000,0.587785,0.770171,0.540343,10795
4.263000,0.809017,0.884195,0.768389,10604
4.264000,0.951057,0.967586,0.935171,10520
4.265000,1.000000,0.998664,0.997328,10478
4.266000,0.951057,0.972653,0.945305,10458
4.267000,0.809017,0.896931,0.793863,10624
4.268000,0.587785,0.780024,0.560048,10783
4.269000,0.309017,0.623240,0.246480,11007
4.270000,0.000000,0.472998,-0.054003,11203
4.271000,-0.309017,0.327468,-0.345065,11479
4.272000,-0.587785,0.184822,-0.630357,11714
4.273000,-0.809017,0.084596,-0.830808,11880
4.274000,-0.951057,0.024810,-0.950380,11971
4.275000,-1.000000,0.000000,-1.000000,12052
4.276000,-0.951057,0.020904,-0.958191,12007
4.277000,-0.809017,0.082458,-0.835084,11897
4.278000,-0.587785,0.179397,-0.641206,10775
4.279000,-0.309017,0.309305,-0.381390,11542
4.280000,-0.000000,0.462592,-0.074815,11241
4.281000,0.309017,0.614394,0.228788,10949
4.282000,0.587785,0.770015,0.540030,10792
4.283000,0.809017,0.884268,0.768536,10628
4.284000,0.951057,0.968741,0.937482,10493
4.285000,1.000000,0.997790,0.995579,10405
4.286000,0.951057,0.972667,0.945333,10500
4.287000,0.809017,0.898850,0.797700,10608
4.288000,0.587785,0.778149,0.556298,10773
4.289000,0.309017,0.634465,0.268930,11780
4.290000,0.000000,0.476609,-0.046782,11265
4.291000,-0.309017,0.327714,-0.344572,11449
4.292000,-0.587785,0.184263,-0.631475,11641
4.293000,-0.809017,0.086134,-0.827733,11784
4.294000,-0.951057,0.024546,-0.950909,11937
4.295000,-1.000000,0.000000,-1.000000,11924
4.296000,-0.951057,0.021047,-0.957905,11878
4.297000,-0.809017,0.085835,-0.828330,11825
4.298000,-0.587785,0.179496,-0.641008,11666
4.299000,-0.309017,0.315036,-0.369928,11459
4.300000,-0.000000,0.465010,-0.069979,11189
4.301000,0.309017,0.615203,0.230406,11011
4.302000,0.587785,0.766670,0.533340,10783
4.303000,0.809017,0.884953,0.769906,10587
4.304000,0.951057,0.969547,0.939094,10508
4.305000,1.000000,0.997326,0.994651,10470
4.306000,0.951057,0.972926,0.945853,10453
4.307000,0.809017,0.903197,0.806394,10041
4.308000,0.587785,0.779383,0.558766,14260
4.309000,0.309017,0.630932,0.261863,9757
4.310000,0.000000,0.477392,-0.045216,10859
4.311000,-0.309017,0.317922,-0.364156,10663
4.312000,-0.587785,0.196273,-0.607455,11000
4.313000,-0.809017,0.089898,-0.820204,10612
4.314000,-0.951057,0.021060,-0.957880,11681
4.315000,-1.000000,0.000390,-0.999220,23079
4.316000,-0.951057,0.020553,-0.958894,10704
4.317000,-0.809017,0.084448,-0.831103,11285
4.318000,-0.587785,0.181629,-0.636742,11529
4.319000,-0.309017,0.306478,-0.387044,11022
4.320000,-0.000000,0.461872,-0.076255,11291
4.321000,0.309017,0.623566,0.247131,11067
4.322000,0.587785,0.759408,0.518816,10815
4.323000,0.809017,0.885725,0.771450,10571
4.324000,0.951057,0.967757,0.935514,10545
4.325000,1.000000,0.998664,0.997328,10478
4.326000,0.951057,0.974198,0.948396,10503
4.327000,0.809017,0.897642,0.795283,10600
4.328000,0.587785,0.771695,0.543389,10740
4.329000,0.309017,0.626590,0.253181,11004
4.330000,0.000000,0.481287,-0.037426,11222
4.331000,-0.309017,0.315366,-0.369267,11447
4.332000,-0.587785,0.184622,-0.630756,11640
4.333000,-0.809017,0.090473,-0.819055,11661
4.334000,-0.951057,0.021454,-0.957091,11606
4.335000,-1.000000,0.000000,-1.000000,12013
4.336000,-0.951057,0.021019,-0.957961,11989
4.337000,-0.809017,0.083207,-0.833586,11874
4.338000,-0.587785,0.182349,-0.635301,11637
4.339000,-0.309017,0.320980,-0.358040,11468
4.340000,-0.000000,0.451662,-0.096677,11254
4.341000,0.309017,0.625512,0.251024,10991
4.342000,0.587785,0.758832,0.517665,10756
4.343000,0.809017,0.889527,0.779054,10618
4.344000,0.951057,0.964333,0.928667,10514
4.345000,1.000000,0.998662,0.997324,10463
4.346000,0.951057,0.974126,0.948253,10474
4.347000,0.809017,0.897228,0.794456,10606
4.348000,0.587785,0.772049,0.544097,10783
4.349000,0.309017,0.636305,0.272611,10935
4.350000,0.000000,0.476046,-0.047908,11209
4.351000,-0.309017,0.311682,-0.376637,11454
4.352000,-0.587785,0.194194,-0.611612,11643
4.353000,-0.809017,0.086388,-0.827223,11784
4.354000,-0.951057,0.020368,-0.959264,11636
4.355000,-1.000000,0.001008,-0.997985,11908
4.356000,-0.951057,0.021852,-0.956296,11944
4.357000,-0.809017,0.082796,-0.834408,11788
4.358000,-0.587785,0.181748,-0.636504,11692
4.359000,-0.309017,0.320699,-0.358603,11450
4.360000,-0.000000,0.453961,-0.092077,11208
4.361000,0.309017,0.625296,0.250591,10990
4.362000,0.587785,0.760256,0.520511,10799
4.363000,0.809017,0.889266,0.778531,10620
4.364000,0.951057,0.964095,0.928189,10472
4.365000,1.000000,0.998664,0.997328,10478
4.366000,0.951057,0.974090,0.948181,10498
4.367000,0.809017,0.897680,0.795360,10604
4.368000,0.587785,0.771487,0.542974,10739
4.369000,0.309017,0.637746,0.275492,10984
4.370000,0.000000,0.467266,-0.065469,11242
4.371000,-0.309017,0.314041,-0.371918,11438
4.372000,-0.587785,0.193670,-0.612660,11690
4.373000,-0.809017,0.085847,-0.828307,11870
4.374000,-0.951057,0.020833,-0.958333,12000
4.375000,-1.000000,0.001000,-0.997999,11995
4.376000,-0.951057,0.021837,-0.956326,11998
4.377000,-0.809017,0.081609,-0.836783,11886
4.378000,-0.587785,0.183153,-0.633695,11717
4.379000,-0.309017,0.311680,-0.376639,11438
4.380000,-0.000000,0.460999,-0.078002,11269
4.381000,0.309017,0.613690,0.227380,11030
4.382000,0.587785,0.759208,0.518416,10806
4.383000,0.809017,0.888868,0.777736,10582
4.384000,0.951057,0.967763,0.935527,10516
4.385000,1.000000,0.996578,0.993155,11103
4.386000,0.951057,0.972650,0.945299,10530
4.387000,0.809017,0.898917,0.797833,10615
4.388000,0.587785,0.777685,0.555370,10773
4.389000,0.309017,0.623466,0.246933,11003
4.390000,0.000000,0.476152,-0.047696,11196
4.391000,-0.309017,0.326968,-0.346063,11469
4.392000,-0.587785,0.183117,-0.633767,11692
4.393000,-0.809017,0.086542,-0.826917,11844
4.394000,-0.951057,0.024543,-0.950913,11938
4.395000,-1.000000,0.000000,-1.000000,11999
4.396000,-0.951057,0.020650,-0.958699,11961
4.397000,-0.809017,0.086191,-0.827618,11811
4.398000,-0.587785,0.183882,-0.632235,11627
4.399000,-0.309017,0.307431,-0.385138,11183
4.400000,-0.000000,0.463417,-0.073166,11139
4.401000,0.309017,0.611917,0.223834,10892
4.402000,0.587785,0.761055,0.522111,10651
4.403000,0.809017,0.889578,0.779156,9998
4.404000,0.951057,0.969806,0.939611,10035
4.405000,1.000000,0.998099,0.996198,9994
4.406000,0.951057,0.973159,0.946318,10022
4.407000,0.809017,0.909403,0.818805,10210
4.408000,0.587785,0.780366,0.560732,9616
4.409000,0.309017,0.637144,0.274288,13978
4.410000,0.000000,0.482307,-0.035386,10230
4.411000,-0.309017,0.339223,-0.321555,9339
4.412000,-0.587785,0.205470,-0.589060,5704
4.413000,-0.809017,0.086697,-0.826606,9712
4.414000,-0.951057,0.024756,-0.950489,12684
4.415000,-1.000000,0.000000,-1.000000,10830
4.416000,-0.951057,0.021491,-0.957018,11028
4.417000,-0.809017,0.081819,-0.836362,11831
4.418000,-0.587785,0.185363,-0.629273,11437
4.419000,-0.309017,0.311773,-0.376454,11518
4.420000,-0.000000,0.459835,-0.080331,11241
4.421000,0.309017,0.609811,0.219622,10682
4.422000,0.587785,0.765951,0.531903,10626
4.423000,0.809017,0.884710,0.769419,10608
4.424000,0.951057,0.969068,0.938136,10507
4.425000,1.000000,0.997314,0.994627,10423
4.426000,0.951057,0.972835,0.945670,10381
4.427000,0.809017,0.898663,0.797325,10618
4.428000,0.587785,0.777798,0.555597,10783
4.429000,0.309017,0.624082,0.248163,10888
4.430000,0.000000,0.466856,-0.066289,11284
4.431000,-0.309017,0.325533,-0.348934,11538
4.432000,-0.587785,0.193678,-0.612644,11705
4.433000,-0.809017,0.083847,-0.832306,11843
4.434000,-0.951057,0.022901,-0.954197,12008
4.435000,-1.000000,0.000000,-1.000000,11947
4.436000,-0.951057,0.021063,-0.957874,11964
4.437000,-0.809017,0.082248,-0.835504,11903
4.438000,-0.587785,0.187735,-0.624530,11708
4.439000,-0.309017,0.305406,-0.389188,11506
4.440000,-0.000000,0.467435,-0.065130,11193
4.441000,0.309017,0.613523,0.227046,11033
4.442000,0.587785,0.766172,0.532345,10790
4.443000,0.809017,0.882863,0.765725,10620
4.444000,0.951057,0.967560,0.935121,10481
4.445000,1.000000,0.998759,0.997517,10473
4.446000,0.951057,0.974098,0.948195,10501
4.447000,0.809017,0.893718,0.787435,10585
4.448000,0.587785,0.782391,0.564781,10767
4.449000,0.309017,0.630338,0.260676,10983
4.450000,0.000000,0.464992,-0.070016,11226
4.451000,-0.309017,0.328571,-0.342857,11410
4.452000,-0.587785,0.187955,-0.624090,11673
4.453000,-0.809017,0.081855,-0.836290,11838
4.454000,-0.951057,0.024881,-0.950239,11937
4.455000,-1.000000,0.000000,-1.000000,11944
4.456000,-0.951057,0.020961,-0.958078,11927
4.457000,-0.809017,0.082854,-0.834292,11828
4.458000,-0.587785,0.187183,-0.625634,11625
4.459000,-0.309017,0.307330,-0.385339,11473
4.460000,-0.000000,0.465686,-0.068627,11220
4.461000,0.309017,0.609758,0.219517,11006
4.462000,0.587785,0.764840,0.529680,10984
4.463000,0.809017,0.883252,0.766503,10801
4.464000,0.951057,0.968066,0.936132,10459
4.465000,1.000000,0.998747,0.997494,10374
4.466000,0.951057,0.974032,0.948064,10436
4.467000,0.809017,0.894415,0.788829,10617
4.468000,0.587785,0.783231,0.566462,10758
4.469000,0.309017,0.632618,0.265236,10534
4.470000,0.000000,0.464677,-0.070646,11225
4.471000,-0.309017,0.316992,-0.366015,11464
4.472000,-0.587785,0.194413,-0.611174,11527
4.473000,-0.809017,0.086188,-0.827624,11707
4.474000,-0.951057,0.020567,-0.958866,11961
4.475000,-1.000000,0.001000,-0.998000,12001
4.476000,-0.951057,0.021134,-0.957731,11829
4.477000,-0.809017,0.082222,-0.835557,11919
4.478000,-0.587785,0.183143,-0.633713,11663
4.479000,-0.309017,0.308375,-0.383251,11499
4.480000,-0.000000,0.451432,-0.097135,12148
4.481000,0.309017,0.613468,0.226936,11078
4.482000,0.587785,0.759878,0.519756,10807
4.483000,0.809017,0.889453,0.778907,10629
4.484000,0.951057,0.964071,0.928143,10493
4.485000,1.000000,0.998665,0.997330,10486
4.486000,0.951057,0.974112,0.948225,10507
4.487000,0.809017,0.893711,0.787422,10622
4.488000,0.587785,0.772710,0.545421,10744
4.489000,0.309017,0.638290,0.276580,10995
4.490000,0.000000,0.463753,-0.072495,11256
4.491000,-0.309017,0.316343,-0.367313,11497
4.492000,-0.587785,0.194671,-0.610657,11635
4.493000,-0.809017,0.085786,-0.828427,11890
4.494000,-0.951057,0.020927,-0.958146,11994
4.495000,-1.000000,0.001001,-0.997998,11990
4.496000,-0.951057,0.022029,-0.955941,11984
4.497000,-0.809017,0.081880,-0.836240,11871
4.498000,-0.587785,0.183248,-0.633504,11700
4.499000,-0.309017,0.305888,-0.388225,11380
4.500000,-0.000000,0.467935,-0.064130,11196
4.501000,0.309017,0.613324,0.226649,10492
4.502000,0.587785,0.769954,0.539908,9998
4.503000,0.809017,0.879295,0.758589,9925
4.504000,0.951057,0.969842,0.939684,10246
4.505000,1.000000,0.997338,0.994676,9767
4.506000,0.951057,0.972908,0.945816,9154
4.507000,0.809017,0.899992,0.799983,11789
4.508000,0.587785,0.772303,0.544606,9965
4.509000,0.309017,0.625898,0.251796,10302
4.510000,0.000000,0.474900,-0.050200,11255
4.511000,-0.309017,0.317667,-0.364667,11383
4.512000,-0.587785,0.189465,-0.621071,11770
4.513000,-0.809017,0.090110,-0.819780,11830
4.514000,-0.951057,0.024939,-0.950121,11949
4.515000,-1.000000,0.000000,-1.000000,11982
4.516000,-0.951057,0.021029,-0.957942,11936
4.517000,-0.809017,0.083178,-0.833644,11794
4.518000,-0.587785,0.181413,-0.637173,11675
4.519000,-0.309017,0.312004,-0.375993,11330
4.520000,-0.000000,0.465727,-0.068547,11204
4.521000,0.309017,0.610406,0.220812,11032
4.522000,0.587785,0.770607,0.541215,10785
4.523000,0.809017,0.884688,0.769375,10632
4.524000,0.951057,0.969188,0.938376,10483
4.525000,1.000000,0.997394,0.994789,10362
4.526000,0.951057,0.974369,0.948737,10573
4.527000,0.809017,0.894122,0.788244,10616
4.528000,0.587785,0.782050,0.564100,10741
4.529000,0.309017,0.630249,0.260498,11002
4.530000,0.000000,0.464432,-0.071136,11246
4.531000,-0.309017,0.325988,-0.348024,11436
4.532000,-0.587785,0.193910,-0.612180,11691
4.533000,-0.809017,0.081833,-0.836333,11890
4.534000,-0.951057,0.024675,-0.950650,11996
4.535000,-1.000000,0.000000,-1.000000,11998
4.536000,-0.951057,0.020665,-0.958670,12001
4.537000,-0.809017,0.082303,-0.835393,11895
4.538000,-0.587785,0.187676,-0.624648,11717
4.539000,-0.309017,0.306018,-0.387965,11483
4.540000,-0.000000,0.466602,-0.066797,11258
4.541000,0.309017,0.609224,0.218447,11037
4.542000,0.587785,0.767160,0.534320,10810
4.543000,0.809017,0.884268,0.768537,10749
4.544000,0.951057,0.963640,0.927280,10451
4.545000,1.000000,0.998663,0.997326,10473
4.546000,0.951057,0.974239,0.948478,10481
4.547000,0.809017,0.897552,0.795104,10620
4.548000,0.587785,0.771813,0.543625,10785
4.549000,0.309017,0.637208,0.274415,10987
4.550000,0.000000,0.465060,-0.069880,11205
4.551000,-0.309017,0.311565,-0.376870,11500
4.552000,-0.587785,0.192871,-0.614258,11671
4.553000,-0.809017,0.085454,-0.829092,11866
4.554000,-0.951057,0.020943,-0.958113,11937
4.555000,-1.000000,0.001000,-0.998000,12001
4.556000,-0.951057,0.021917,-0.956165,11954
4.557000,-0.809017,0.081951,-0.836099,11812
4.558000,-0.587785,0.183649,-0.632702,11669
4.559000,-0.309017,0.313067,-0.373866,11464
4.560000,-0.000000,0.460292,-0.079416,11232
4.561000,0.309017,0.614991,0.229982,10940
4.562000,0.587785,0.760467,0.520934,10796
4.563000,0.809017,0.889684,0.779369,10615
4.564000,0.951057,0.963865,0.927729,10516
4.565000,1.000000,0.998659,0.997317,10437
4.566000,0.951057,0.974198,0.948396,10503
4.567000,0.809017,0.894484,0.788967,10605
4.568000,0.587785,0.773782,0.547564,10733
4.569000,0.309017,0.639737,0.279475,10967
4.570000,0.000000,0.464986,-0.070029,11224
4.571000,-0.309017,0.317384,-0.365232,11453
4.572000,-0.587785,0.194488,-0.611025,11610
4.573000,-0.809017,0.085777,-0.828446,11833
4.574000,-0.951057,0.020926,-0.958148,11947
4.575000,-1.000000,0.001792,-0.996416,12836
4.576000,-0.951057,0.020833,-0.958333,11904
4.577000,-0.809017,0.082563,-0.834875,11894
4.578000,-0.587785,0.188126,-0.623747,11673
4.579000,-0.309017,0.306946,-0.386107,11445
4.580000,-0.000000,0.466916,-0.066169,11244
4.581000,0.309017,0.614910,0.229819,11013
4.582000,0.587785,0.765855,0.531710,10801
4.583000,0.809017,0.883296,0.766591,10608
4.584000,0.951057,0.967886,0.935772,10525
4.585000,1.000000,0.998664,0.997327,10476
4.586000,0.951057,0.973912,0.947824,10503
4.587000,0.809017,0.893545,0.787089,10596
4.588000,0.587785,0.782653,0.565306,10780
4.589000,0.309017,0.630101,0.260202,11003
4.590000,0.000000,0.472106,-0.055789,10970
4.591000,-0.309017,0.314216,-0.371568,11508
4.592000,-0.587785,0.184604,-0.630793,11717
4.593000,-0.809017,0.090006,-0.819988,11877
4.594000,-0.951057,0.021873,-0.956253,11978
4.595000,-1.000000,0.000000,-1.000000,11453
4.596000,-0.951057,0.021207,-0.957586,11883
4.597000,-0.809017,0.078211,-0.843577,10868
4.598000,-0.587785,0.188564,-0.622872,10458
4.599000,-0.309017,0.317228,-0.365543,10535
4.600000,-0.000000,0.461764,-0.076472,10579
4.601000,0.309017,0.621701,0.243403,10156
4.602000,0.587785,0.765970,0.531939,10520
4.603000,0.809017,0.878125,0.756249,9641
4.604000,0.951057,0.969377,0.938754,9568
4.605000,1.000000,0.997305,0.994609,10017
4.606000,0.951057,0.973437,0.946874,10541
4.607000,0.809017,0.894727,0.789454,10620
4.608000,0.587785,0.781946,0.563891,10690
4.609000,0.309017,0.631526,0.263053,11013
4.610000,0.000000,0.464559,-0.070882,11230
4.611000,-0.309017,0.325478,-0.349044,11457
4.612000,-0.587785,0.188225,-0.623550,11550
4.613000,-0.809017,0.081935,-0.836129,11802
4.614000,-0.951057,0.024726,-0.950549,11931
4.615000,-1.000000,0.000000,-1.000000,11979
4.616000,-0.951057,0.021017,-0.957966,11895
4.617000,-0.809017,0.082968,-0.834065,11848
4.618000,-0.587785,0.188908,-0.622184,11540
4.619000,-0.309017,0.311218,-0.377564,11214
4.620000,-0.000000,0.459964,-0.080071,11190
4.621000,0.309017,0.613128,0.226256,11045
4.622000,0.587785,0.771136,0.542271,10823
4.623000,0.809017,0.878899,0.757799,10611
4.624000,0.951057,0.968138,0.936275,10514
4.625000,1.000000,0.998758,0.997516,10466
4.626000,0.951057,0.972736,0.945472,10490
4.627000,0.809017,0.894140,0.788280,10580
4.628000,0.587785,0.783021,0.566041,10766
4.629000,0.309017,0.623795,0.247590,10994
4.630000,0.000000,0.468733,-0.062533,11226
4.631000,-0.309017,0.326300,-0.347400,11422
4.632000,-0.587785,0.187725,-0.624551,11682
4.633000,-0.809017,0.081927,-0.836146,11852
4.634000,-0.951057,0.024908,-0.950185,11924
4.635000,-1.000000,0.000000,-1.000000,12010
4.636000,-0.951057,0.020631,-0.958738,11730
4.637000,-0.809017,0.081566,-0.836867,12027
4.638000,-0.587785,0.184039,-0.631922,11666
4.639000,-0.309017,0.313950,-0.372099,11505
4.640000,-0.000000,0.457379,-0.085242,11262
4.641000,0.309017,0.618037,0.236073,11022
4.642000,0.587785,0.759132,0.518264,10786
4.643000,0.809017,0.889558,0.779116,10630
4.644000,0.951057,0.963790,0.927580,10522
4.645000,1.000000,0.998660,0.997319,10444
4.646000,0.951057,0.974213,0.948425,10509
4.647000,0.809017,0.893785,0.787571,10620
4.648000,0.587785,0.774206,0.548411,10793
4.649000,0.309017,0.636455,0.272910,10956
4.650000,0.000000,0.464279,-0.071441,11254
4.651000,-0.309017,0.316055,-0.367890,11498
4.652000,-0.587785,0.193380,-0.613240,11692
4.653000,-0.809017,0.085796,-0.828407,11842
4.654000,-0.951057,0.020747,-0.958507,12002
4.655000,-1.000000,0.000998,-0.998004,12025
4.656000,-0.951057,0.021911,-0.956179,11912
4.657000,-0.809017,0.081495,-0.837010,11878
4.658000,-0.587785,0.182805,-0.634390,11701
4.659000,-0.309017,0.306044,-0.387912,11482
4.660000,-0.000000,0.464487,-0.071027,11193
4.661000,0.309017,0.616683,0.233367,11017
4.662000,0.587785,0.763790,0.527579,10787
4.663000,0.809017,0.885695,0.771391,10612
4.664000,0.951057,0.967921,0.935841,10474
4.665000,1.000000,0.998663,0.997325,10469
4.666000,0.951057,0.974569,0.949138,10499
4.667000,0.809017,0.893709,0.787419,10603
4.668000,0.587785,0.781621,0.563242,10784
4.669000,0.309017,0.632155,0.264309,10972
4.670000,0.000000,0.480663,-0.038673,11998
4.671000,-0.309017,0.324126,-0.351748,11440
4.672000,-0.587785,0.186708,-0.626584,11676
4.673000,-0.809017,0.083171,-0.833657,11831
4.674000,-0.951057,0.024908,-0.950185,11924
4.675000,-1.000000,0.000000,-1.000000,11930
4.676000,-0.951057,0.021113,-0.957775,11936
4.677000,-0.809017,0.083073,-0.833854,11833
4.678000,-0.587785,0.179692,-0.640617,11670
4.679000,-0.309017,0.314445,-0.371110,11471
4.680000,-0.000000,0.462491,-0.075018,11224
4.681000,0.309017,0.610611,0.221223,11007
4.682000,0.587785,0.769632,0.539263,10748
4.683000,0.809017,0.884561,0.769122,10629
4.684000,0.951057,0.968893,0.937785,10512
4.685000,1.000000,0.997517,0.995035,10473
4.686000,0.951057,0.972328,0.944656,10480
4.687000,0.809017,0.898634,0.797268,10615
4.688000,0.587785,0.777963,0.555927,10782
4.689000,0.309017,0.623522,0.247044,10994
4.690000,0.000000,0.477715,-0.044569,10680
4.691000,-0.309017,0.324435,-0.351129,11426
4.692000,-0.587785,0.188151,-0.623699,10853
4.693000,-0.809017,0.088875,-0.822250,11038
4.694000,-0.951057,0.023661,-0.952678,11876
4.695000,-1.000000,0.000945,-0.998111,11645
4.696000,-0.951057,0.020901,-0.958199,11770
4.697000,-0.809017,0.083461,-0.833079,11790
4.698000,-0.587785,0.184784,-0.630433,11803
4.699000,-0.309017,0.302431,-0.395139,9956
4.700000,-0.000000,0.464349,-0.071301,10673
4.701000,0.309017,0.620036,0.240072,10501
4.702000,0.587785,0.756787,0.513574,9798
4.703000,0.809017,0.881754,0.763508,10605
4.704000,0.951057,0.969000,0.938001,10355
4.705000,1.000000,0.997527,0.995055,10515
4.706000,0.951057,0.974761,0.949521,10341
4.707000,0.809017,0.893256,0.786513,10558
4.708000,0.587785,0.780992,0.561984,10785
4.709000,0.309017,0.632120,0.264240,10990
4.710000,0.000000,0.464302,-0.071397,11247
4.711000,-0.309017,0.318654,-0.362693,11467
4.712000,-0.587785,0.193681,-0.612638,11679
4.713000,-0.809017,0.085189,-0.829622,11856
4.714000,-0.951057,0.021396,-0.957209,11965
4.715000,-1.000000,0.001008,-0.997984,11904
4.716000,-0.951057,0.021623,-0.956753,12024
4.717000,-0.809017,0.081688,-0.836624,11850
4.718000,-0.587785,0.186840,-0.626320,11459
4.719000,-0.309017,0.308161,-0.383677,11481
4.720000,-0.000000,0.465008,-0.069983,11217
4.721000,0.309017,0.619238,0.238476,10999
4.722000,0.587785,0.759502,0.519004,10761
4.723000,0.809017,0.890323,0.780646,10613
4.724000,0.951057,0.967926,0.935852,10507
4.725000,1.000000,0.998663,0.997325,10468
4.726000,0.951057,0.974107,0.948213,10466
4.727000,0.809017,0.894643,0.789285,10602
4.728000,0.587785,0.780710,0.561420,10762
4.729000,0.309017,0.633561,0.267123,10965
4.730000,0.000000,0.464164,-0.071671,11190
4.731000,-0.309017,0.320439,-0.359123,11400
4.732000,-0.587785,0.192825,-0.614349,11736
4.733000,-0.809017,0.086377,-0.827246,11774
4.734000,-0.951057,0.021015,-0.957971,11944
4.735000,-1.000000,0.001002,-0.997996,11979
4.736000,-0.951057,0.021845,-0.956311,11948
4.737000,-0.809017,0.082024,-0.835952,11838
4.738000,-0.587785,0.183511,-0.632979,11656
4.739000,-0.309017,0.313743,-0.372515,11519
4.740000,-0.000000,0.455289,-0.089422,11250
4.741000,0.309017,0.621032,0.242065,10964
4.742000,0.587785,0.757029,0.514058,10812
4.743000,0.809017,0.884344,0.768688,10635
4.744000,0.951057,0.969263,0.938526,10476
4.745000,1.000000,0.998665,0.997329,10483
4.746000,0.951057,0.974315,0.948630,10512
4.747000,0.809017,0.897890,0.795780,10616
4.748000,0.587785,0.770940,0.541880,10757
4.749000,0.309017,0.628953,0.257906,11004
4.750000,0.000000,0.481122,-0.037756,11230
4.751000,-0.309017,0.311935,-0.376129,11512
4.752000,-0.587785,0.186062,-0.627875,11652
4.753000,-0.809017,0.090145,-0.819711,11892
4.754000,-0.951057,0.021906,-0.956189,12006
4.755000,-1.000000,0.000000,-1.000000,11984
4.756000,-0.951057,0.020908,-0.958184,12005
4.757000,-0.809017,0.081883,-0.836234,11895
4.758000,-0.587785,0.182447,-0.635106,11713
4.759000,-0.309017,0.316143,-0.367714,11460
4.760000,-0.000000,0.451498,-0.097003,11278
4.761000,0.309017,0.624648,0.249296,11003
4.762000,0.587785,0.759167,0.518333,10800
4.763000,0.809017,0.888616,0.777232,10585
4.764000,0.951057,0.963973,0.927947,10520
4.765000,1.000000,0.996785,0.993569,11196
4.766000,0.951057,0.974083,0.948166,10495
4.767000,0.809017,0.893984,0.787967,10621
4.768000,0.587785,0.780202,0.560405,10769
4.769000,0.309017,0.633424,0.266849,10980
4.770000,0.000000,0.463029,-0.073942,11198
4.771000,-0.309017,0.321781,-0.356438,11455
4.772000,-0.587785,0.194185,-0.611631,11659
4.773000,-0.809017,0.084305,-0.831390,11838
4.774000,-0.951057,0.022664,-0.954671,11913
4.775000,-1.000000,0.000918,-0.998164,11981
4.776000,-0.951057,0.021448,-0.957105,11936
4.777000,-0.809017,0.082439,-0.835121,11839
4.778000,-0.587785,0.184768,-0.630464,11712
4.779000,-0.309017,0.311546,-0.376909,11459
4.780000,-0.000000,0.461703,-0.076594,11228
4.781000,0.309017,0.613889,0.227779,10958
4.782000,0.587785,0.760137,0.520274,10802
4.783000,0.809017,0.889548,0.779096,10620
4.784000,0.951057,0.964048,0.928096,10514
4.785000,1.000000,0.998606,0.997213,10046
4.786000,0.951057,0.973588,0.947176,10412
4.787000,0.809017,0.899087,0.798175,9751
4.788000,0.587785,0.778573,0.557146,10202
4.789000,0.309017,0.626572,0.253144,10974
4.790000,0.000000,0.472883,-0.054233,10713
4.791000,-0.309017,0.325233,-0.349534,10740
4.792000,-0.587785,0.185965,-0.628070,10873
4.793000,-0.809017,0.083512,-0.832975,12106
4.794000,-0.951057,0.023413,-0.953174,11105
4.795000,-1.000000,0.000000,-1.000000,10338
4.796000,-0.951057,0.021362,-0.957276,13669
4.797000,-0.809017,0.082073,-0.835854,9784
4.798000,-0.587785,0.183105,-0.633791,11447
4.799000,-0.309017,0.311333,-0.377333,11197
4.800000,-0.000000,0.463367,-0.073265,11356
4.801000,0.309017,0.609938,0.219876,10988
4.802000,0.587785,0.768328,0.536656,10653
4.803000,0.809017,0.878714,0.757428,10669
4.804000,0.951057,0.968055,0.936110,10518
4.805000,1.000000,0.998664,0.997327,10477
4.806000,0.951057,0.972991,0.945982,10478
4.807000,0.809017,0.895312,0.790623,10622
4.808000,0.587785,0.780838,0.561677,10782
4.809000,0.309017,0.623150,0.246300,11015
4.810000,0.000000,0.467502,-0.064996,11093
4.811000,-0.309017,0.324825,-0.350350,11557
4.812000,-0.587785,0.187447,-0.625107,11710
4.813000,-0.809017,0.084209,-0.831583,11519
4.814000,-0.951057,0.021920,-0.956159,11998
4.815000,-1.000000,0.000000,-1.000000,12017
4.816000,-0.951057,0.021875,-0.956249,11977
4.817000,-0.809017,0.082107,-0.835786,11826
4.818000,-0.587785,0.182843,-0.634313,11704
4.819000,-0.309017,0.316973,-0.366054,11471
4.820000,-0.000000,0.455289,-0.089422,11250
4.821000,0.309017,0.620193,0.240386,10974
4.822000,0.587785,0.760578,0.521155,10801
4.823000,0.809017,0.889098,0.778197,10613
4.824000,0.951057,0.964119,0.928238,10507
4.825000,1.000000,0.998659,0.997319,10443
4.826000,0.951057,0.974103,0.948205,10503
4.827000,0.809017,0.897566,0.795133,10602
4.828000,0.587785,0.771876,0.543752,10731
4.829000,0.309017,0.639887,0.279774,10966
4.830000,0.000000,0.466203,-0.067594,11214
4.831000,-0.309017,0.314201,-0.371598,11464
4.832000,-0.587785,0.191086,-0.617828,11555
4.833000,-0.809017,0.085649,-0.828702,11839
4.834000,-0.951057,0.020868,-0.958263,11932
4.835000,-1.000000,0.000919,-0.998163,11975
4.836000,-0.951057,0.021929,-0.956142,11902
4.837000,-0.809017,0.081891,-0.836218,11845
4.838000,-0.587785,0.183595,-0.632810,11667
4.839000,-0.309017,0.308890,-0.382219,11428
4.840000,-0.000000,0.461990,-0.076019,11234
4.841000,0.309017,0.615070,0.230140,11002
4.842000,0.587785,0.760148,0.520297,10790
4.843000,0.809017,0.889434,0.778869,10591
4.844000,0.951057,0.967582,0.935165,10519
4.845000,1.000000,0.998663,0.997327,10474
4.846000,0.951057,0.974210,0.948420,10508
4.847000,0.809017,0.893178,0.786356,10569
4.848000,0.587785,0.779375,0.558750,10783
4.849000,0.309017,0.634122,0.268244,10990
4.850000,0.000000,0.466270,-0.067460,10762
4.851000,-0.309017,0.313848,-0.372303,11496
4.852000,-0.587785,0.193783,-0.612434,11678
4.853000,-0.809017,0.085539,-0.828923,11866
4.854000,-0.951057,0.020985,-0.958030,11961
4.855000,-1.000000,0.000997,-0.998006,12037
4.856000,-0.951057,0.021841,-0.956319,11996
4.857000,-0.809017,0.082044,-0.835911,11896
4.858000,-0.587785,0.180279,-0.639442,11693
4.859000,-0.309017,0.307525,-0.384950,11508
4.860000,-0.000000,0.464318,-0.071365,11210
4.861000,0.309017,0.599832,0.199664,11895
4.862000,0.587785,0.765520,0.531040,10841
4.863000,0.809017,0.888314,0.776628,10628
4.864000,0.951057,0.967754,0.935508,10513
4.865000,1.000000,0.998658,0.997316,10432
4.866000,0.951057,0.974213,0.948425,10509
4.867000,0.809017,0.893745,0.787491,10616
4.868000,0.587785,0.780800,0.561601,10771
4.869000,0.309017,0.629951,0.259901,10958
4.870000,0.000000,0.464425,-0.071149,11244
4.871000,-0.309017,0.322550,-0.354901,11468
4.872000,-0.587785,0.194229,-0.611542,11610
4.873000,-0.809017,0.082912,-0.834177,11458
4.874000,-0.951057,0.022949,-0.954102,11983
4.875000,-1.000000,0.001008,-0.997985,11908
4.876000,-0.951057,0.021564,-0.956873,12011
4.877000,-0.809017,0.085024,-0.829951,11926
4.878000,-0.587785,0.179492,-0.641017,11683
4.879000,-0.309017,0.315151,-0.369698,11458
4.880000,-0.000000,0.466081,-0.067838,10584
4.881000,0.309017,0.613762,0.227523,10711
4.882000,0.587785,0.754701,0.509402,10689
4.883000,0.809017,0.886602,0.773204,10009
4.884000,0.951057,0.967689,0.935379,9842
4.885000,1.000000,0.998744,0.997487,10348
4.886000,0.951057,0.973701,0.947401,14525
4.887000,0.809017,0.900993,0.801986,9464
4.888000,0.587785,0.775991,0.551982,10446
4.889000,0.309017,0.628082,0.256164,9978
4.890000,0.000000,0.472956,-0.054088,10409
4.891000,-0.309017,0.319537,-0.360926,11235
4.892000,-0.587785,0.190383,-0.619234,11729
4.893000,-0.809017,0.086023,-0.827953,11741
4.894000,-0.951057,0.020888,-0.958225,11921
4.895000,-1.000000,0.001000,-0.998000,12002
4.896000,-0.951057,0.021818,-0.956365,11917
4.897000,-0.809017,0.079252,-0.841495,11823
4.898000,-0.587785,0.183249,-0.633502,11689
4.899000,-0.309017,0.312996,-0.374009,11473
4.900000,-0.000000,0.459630,-0.080740,11246
4.901000,0.309017,0.615937,0.231875,10993
4.902000,0.587785,0.760100,0.520200,10817
4.903000,0.809017,0.889391,0.778782,10623
4.904000,0.951057,0.964469,0.928938,10526
4.905000,1.000000,0.998660,0.997319,10445
4.906000,0.951057,0.974845,0.949689,9978
4.907000,0.809017,0.898549,0.797099,10754
4.908000,0.587785,0.776879,0.553757,10752
4.909000,0.309017,0.623106,0.246211,11019
4.910000,0.000000,0.475093,-0.049813,11242
4.911000,-0.309017,0.326808,-0.346385,11493
4.912000,-0.587785,0.177382,-0.645236,11681
4.913000,-0.809017,0.087575,-0.824851,11887
4.914000,-0.951057,0.021830,-0.956341,12002
4.915000,-1.000000,0.000000,-1.000000,12044
4.916000,-0.951057,0.020296,-0.959409,11973
4.917000,-0.809017,0.085633,-0.828735,11888
4.918000,-0.587785,0.178763,-0.642473,11725
4.919000,-0.309017,0.309805,-0.380389,11249
4.920000,-0.000000,0.458792,-0.082416,11260
4.921000,0.309017,0.616593,0.233185,11017
4.922000,0.587785,0.759789,0.519578,10803
4.923000,0.809017,0.889109,0.778218,10596
4.924000,0.951057,0.964452,0.928904,10521
4.925000,1.000000,0.998662,0.997325,10467
4.926000,0.951057,0.974286,0.948571,10500
4.927000,0.809017,0.893512,0.787025,10574
4.928000,0.587785,0.774912,0.549824,10778
4.929000,0.309017,0.638833,0.277666,10970
4.930000,0.000000,0.464737,-0.070525,11230
4.931000,-0.309017,0.315269,-0.369462,11422
4.932000,-0.587785,0.193892,-0.612217,11656
4.933000,-0.809017,0.085729,-0.828542,11828
4.934000,-0.951057,0.020072,-0.959856,11907
4.935000,-1.000000,0.001003,-0.997995,11970
4.936000,-0.951057,0.021852,-0.956297,11990
4.937000,-0.809017,0.082038,-0.835924,11836
4.938000,-0.587785,0.181014,-0.637973,11640
4.939000,-0.309017,0.316042,-0.367915,11451
4.940000,-0.000000,0.457224,-0.085552,11233
4.941000,0.309017,0.619884,0.239767,10994
4.942000,0.587785,0.759646,0.519292,10730
4.943000,0.809017,0.889370,0.778740,10621
4.944000,0.951057,0.964146,0.928293,10515
4.945000,1.000000,0.998750,0.997501,10404
4.946000,0.951057,0.974381,0.948762,10500
4.947000,0.809017,0.893824,0.787647,10605
4.948000,0.587785,0.774993,0.549986,10773
4.949000,0.309017,0.637893,0.275786,10936
4.950000,0.000000,0.465071,-0.069859,11237
4.951000,-0.309017,0.316965,-0.366071,11465
4.952000,-0.587785,0.194032,-0.611935,11663
4.953000,-0.809017,0.083362,-0.833277,11828
4.954000,-0.951057,0.021049,-0.957902,11972
4.955000,-1.000000,0.001000,-0.998000,12001
4.956000,-0.951057,0.018548,-0.962905,12778
4.957000,-0.809017,0.082543,-0.834915,11909
4.958000,-0.587785,0.185592,-0.628816,11660
4.959000,-0.309017,0.315479,-0.369042,11519
4.960000,-0.000000,0.450989,-0.098022,11222
4.961000,0.309017,0.623833,0.247667,11035
4.962000,0.587785,0.759737,0.519475,10809
4.963000,0.809017,0.889244,0.778489,10627
4.964000,0.951057,0.965053,0.930106,10473
4.965000,1.000000,0.998759,0.997518,10477
4.966000,0.951057,0.973975,0.947950,10413
4.967000,0.809017,0.899566,0.799132,10604
4.968000,0.587785,0.772230,0.544461,10796
4.969000,0.309017,0.631545,0.263091,11000
4.970000,0.000000,0.478903,-0.042193,11234
4.971000,-0.309017,0.311405,-0.377189,11477
4.972000,-0.587785,0.187815,-0.624370,11703
4.973000,-0.809017,0.090044,-0.819912,11872
4.974000,-0.951057,0.021071,-0.957857,11722
4.975000,-1.000000,0.000000,-1.000000,12014
4.976000,-0.951057,0.021099,-0.957802,11375
4.977000,-0.809017,0.084298,-0.831405,11495
4.978000,-0.587785,0.173005,-0.653990,10965
4.979000,-0.309017,0.292218,-0.415565,13158
4.980000,-0.000000,0.462073,-0.075855,9360
4.981000,0.309017,0.613861,0.227723,10302
4.982000,0.587785,0.759026,0.518051,10304
4.983000,0.809017,0.888083,0.776165,10061
4.984000,0.951057,0.965080,0.930160,11598
4.985000,1.000000,0.998591,0.997183,9938
4.986000,0.951057,0.973990,0.947980,10073
4.987000,0.809017,0.899833,0.799666,10173
4.988000,0.587785,0.781856,0.563713,10461
4.989000,0.309017,0.636002,0.272003,10294
4.990000,-0.000000,0.478511,-0.042977,11285
4.991000,-0.309017,0.312527,-0.374946,11471
4.992000,-0.587785,0.186356,-0.627288,11580
4.993000,-0.809017,0.090194,-0.819612,11819
4.994000,-0.951057,0.021876,-0.956248,11931
4.995000,-1.000000,0.000000,-1.000000,11966
4.996000,-0.951057,0.020835,-0.958330,11903
4.997000,-0.809017,0.082136,-0.835728,11834
4.998000,-0.587785,0.183878,-0.632244,11562
4.999000,-0.309017,0.318138,-0.363723,11539
